Order ID,Order Status,Order Substatus,Cancelation/Return Type,Normal or Pre-order,SKU ID,Seller SKU,Product Name,Variation,Quantity,Sku Quantity of return,SKU Unit Original Price,SKU Subtotal Before Discount,SKU Platform Discount,SKU Seller Discount,SKU Subtotal After Discount,Shipping Fee After Discount,Original Shipping Fee,Shipping Fee Seller Discount,Shipping Fee Platform Discount,Distance Shipping Fee,Distance Fee,Order Refund Amount,Payment platform discount,Buyer Service Fee,Handling Fee,Shipping Insurance,Item Insurance,Order Amount,Created Time,Paid Time,RTS Time,Shipped Time,Delivered Time,Cancelled Time,Cancel By,Cancel Reason,Fulfillment Type,Warehouse Name,Tracking ID,Delivery Option,Shipping Provider Name,Buyer Message,Buyer Username,Recipient,Phone #,Zipcode,Country,Province,Regency and City,Districts,Villages,Detail Address,Additional address information,Payment Method,Weight(kg),Product Category,Package ID,Purchase Channel,Seller Note,Checked Status,Checked Marked by,Tokopedia Invoice Number,Order Channel,Creator Handle
584768040402519052	,Dibatalkan,Dibatalkan,Cancel,Normal,1732819267917940205	,CRG-SAGE-36,TM420 Cargo Long Pants Green & Cream Premium Canvas,"36, Hijau",1,1,495000,495000,0,253000,242000,47500,47500,0,0,0,0,242000,,2300,5836,0,0,297636,29/06/2026 17:47:25	,"	",30/06/2026 06:13:09	,"	","	",03/07/2026 03:12:22	,System,Otomatis dibatalkan karena melewati batas waktu pick up,Fulfillment by seller,TM420 Warehouse,JX9827807165,Hemat,J&T Express,,s***rr25,A*******,(+62)823******46,"	",Indonesia,Sulawesi Tenggara,Kota Kendari,********,*******,**************************************,**********************************,Bayar di tempat,0.6,Celana Panjang,1201704766384342028	,TikTok,,Unchecked,,,Product cards,
584765918332945965	,Dibatalkan,Dibatalkan,Cancel,Normal,1730926901301904877	,SNAP-HIGH-BLACK,TM420 High Snapback Original,Black,1,1,123420,123420,0,0,123420,27000,27000,0,0,0,0,123420,,1000,1514,0,0,152934,29/06/2026 15:15:02	,"	",29/06/2026 15:21:10	,"	","	",03/07/2026 02:50:31	,System,Otomatis dibatalkan karena melewati batas waktu pick up,Fulfillment by seller,TM420 Warehouse,JX9825809037,Hemat,J&T Express,,i***iki498,D***,(+62)822******47,"	",Indonesia,Riau,Kab. Bengkalis,******,****************************,******************************************,,Bayar di tempat,0.25,Topi,1201687461877417517	,TikTok,,Unchecked,,,Product cards,
584758188226020666	,Dibatalkan,Dibatalkan,Cancel,Normal,1734087090948441581	,STICKPACK-MEDICATION,TM420 Sticker Pack (Stiker),Medication,1,1,42000,42000,0,23580,18420,18000,18000,0,0,0,0,18420,,226,371,0,500,37517,29/06/2026 04:20:55	,"	",29/06/2026 06:28:58	,"	","	",29/06/2026 22:22:28	,User,Tidak perlu lagi,Fulfillment by seller,TM420 Warehouse,JX9817787543,Pengiriman standar,J&T Express,,y***arbudiprasety7,Y*****,(+62)628*******07,"	",Indonesia,Jawa Tengah,Kab. Sukoharjo,*********,*******,*****************,**************************************************,Bayar di tempat,0.1,Stiker Dekoratif,1201610163391333690	,TikTok,,Unchecked,,,Product cards,
584621813691942671	,Dibatalkan,Dibatalkan,Cancel,Normal,1730929756737471981	,PLC-PEACE-CREAM,TM420 Peace Polocap Original Creamy Green,Default,1,1,111420,111420,0,0,111420,0,15000,0,15000,0,0,111420,,0,1114,0,0,112534,20/06/2026 17:45:15	,"	",20/06/2026 18:15:11	,20/06/2026 22:08:52	,"	",28/06/2026 08:51:38	,System,Pengiriman paket gagal,Fulfillment by seller,TM420 Warehouse,JX9749749117,Pengiriman standar,J&T Express,,s***saja.6,I**,(+62)857******41,"	",Indonesia,D.I. Yogyakarta,Kab. Bantul,***********,***********,**********************,***********************,Bayar di tempat,0.25,Topi,1200683652981557007	,TikTok,,Unchecked,,,Product cards,
584620233398453371	,Selesai,Selesai,,Normal,1730945878193112557	,TS-GTA-L,TM420 GTA Smoke & Fly Grand Theft Auto T-Shirt (Cotton Combed 24s Bahan Kain Tebal),L,1,0,185000,185000,20465,27580,136955,0,63000,0,63000,0,0,,,1064,,0,0,350195,20/06/2026 15:38:54	,20/06/2026 15:39:10	,20/06/2026 16:55:42	,20/06/2026 22:08:52	,24/06/2026 12:51:19	,"	",,,Fulfillment by seller,TM420 Warehouse,JX9746627510,Hemat,J&T Express,,a***lpapuangan,A**** I**,(+62)822******18,"	",Indonesia,Maluku Utara,Ternate,*************,*******,*******,********************************************,DANA,0.25,T-shirt,1200670684523562107	,TikTok,,Unchecked,,,Product cards,
584620233398453371	,Selesai,Selesai,,Normal,1732819267917481453	,CRG-SAGE-28,TM420 Cargo Long Pants Green & Cream Premium Canvas,"28, Hijau",1,0,495000,495000,31460,253000,210540,0,63000,0,63000,0,0,,,1636,,0,0,350195,20/06/2026 15:38:54	,20/06/2026 15:39:10	,20/06/2026 16:55:42	,20/06/2026 22:08:52	,24/06/2026 12:51:19	,"	",,,Fulfillment by seller,TM420 Warehouse,JX9746627510,Hemat,J&T Express,,a***lpapuangan,A**** I**,(+62)822******18,"	",Indonesia,Maluku Utara,Ternate,*************,*******,*******,********************************************,DANA,0.6,Celana Panjang,1200670684523562107	,TikTok,,Unchecked,,,Product cards,
584620028914730546	,Selesai,Selesai,,Normal,1730945567628494317	,TS-SUMPEACE-S,TM420 Summer Peace T-Shirt (Cotton Combed 24s Bahan Kain Tebal),S,1,0,185000,185000,14168,27580,143252,0,10500,0,10500,0,0,,,1400,1447,0,0,146099,20/06/2026 15:23:05	,21/06/2026 17:29:31	,20/06/2026 16:55:43	,20/06/2026 22:08:52	,21/06/2026 17:29:31	,"	",,,Fulfillment by seller,TM420 Warehouse,JX9748547510,Pengiriman besok sampai,J&T Express,,l***a_alamo,L****,(+62)813******23,"	",Indonesia,DKI Jakarta,Kota Administrasi Jakarta Barat,**********,*****,*********************************************************,****************,Bayar di tempat,0.25,T-shirt,1200669745275504178	,TikTok,,Unchecked,,,Product cards,
584618430305240563	,Selesai,Selesai,,Normal,1731941518238778861	,TS-POG-XXL,TM420 Peace of God T-Shirt (Cotton Combed 24s Bahan Kaos Tebal),XXL,1,0,210000,210000,20690,37580,151730,0,17500,0,17500,0,0,,,1000,1527,0,0,154257,20/06/2026 13:20:25	,24/06/2026 10:25:08	,20/06/2026 13:38:10	,20/06/2026 20:15:27	,24/06/2026 10:25:08	,"	",,,Fulfillment by seller,TM420 Warehouse,JX9740553104,Hemat,J&T Express,,b***coklat_13,I W**** A** P******,(+62)822******96,"	",Indonesia,Bali,Kab. Gianyar,************,********,*****************************************,,Bayar di tempat,0.25,T-shirt,1200655077712627187	,TikTok,,Unchecked,,,Product cards,
584616930125776508	,Dibatalkan,Dibatalkan,Cancel,Normal,1730926901301839341	,SNAP-HIGH-GREEN,TM420 High Snapback Original,Green,1,1,123420,123420,0,0,123420,0,7500,0,7500,0,0,123420,,1200,1246,0,0,125866,20/06/2026 11:43:32	,"	",20/06/2026 13:38:09	,20/06/2026 22:08:52	,"	",24/06/2026 09:31:47	,System,Pengiriman paket gagal,Fulfillment by seller,TM420 Warehouse,JX9749721501,Pengiriman besok sampai,J&T Express,,x***ess_05,K*** u***,(+62)881*****60,"	",Indonesia,Jawa Barat,Kota Bandung,*******,***************,******************,,Bayar di tempat,0.25,Topi,1200643028150945404	,TikTok,,Unchecked,,,Product cards,
584616704223904812	,Selesai,Selesai,,Normal,1730787270099437037	,BUCK-WEEDPATTERN,TM420 Weed Pattern Bucket Hat,Default,1,0,111420,111420,0,0,111420,0,21500,0,21500,0,0,,,1100,1125,0,0,113645,20/06/2026 11:30:06	,23/06/2026 08:20:36	,20/06/2026 13:38:10	,20/06/2026 22:08:52	,23/06/2026 08:20:36	,"	",,,Fulfillment by seller,TM420 Warehouse,JX9745761601,Pengiriman standar,J&T Express,,a***a.qolbi,A**** Q****,(+62)821******09,"	",Indonesia,Jawa Timur,Kab. Jember,**********,**************,*****************************************,,Bayar di tempat,0.25,Topi,1200642451837715500	,TikTok,,Unchecked,,,Product cards,
584615712978535622	,Selesai,Selesai,,Normal,1731418000041739757	,TS-HIGHCULT-XL,TM420 High Culture T-Shirt (Cotton Combed 24s Bahan Kaos Tebal),XL,1,0,175000,175000,8520,33000,133480,0,20000,0,20000,0,0,,,1300,1348,0,0,136128,20/06/2026 10:15:17	,24/06/2026 09:53:36	,20/06/2026 13:38:10	,20/06/2026 22:08:52	,24/06/2026 09:53:36	,"	",,,Fulfillment by seller,TM420 Warehouse,JX9742441101,Hemat,J&T Express,,l***spido,u***,(+62)857******53,"	",Indonesia,Bali,Kab. Badung,************,******,********************,*****************,Bayar di tempat,0.25,T-shirt,1200633300704527558	,TikTok,,Unchecked,,,Videos,
584613876280886550	,Selesai,Selesai,,Normal,1731989256953890285	,HOOD-SMOKEBLUNT-XXL,TM420 x Voojah - Smoke Blunt Hoodie (Cotton Fleece 280gsm),XXL,1,0,375000,375000,50013,41580,283407,7000,42000,0,35000,0,0,,,1331,2917,0,0,294655,20/06/2026 07:43:58	,23/06/2026 11:39:55	,20/06/2026 13:38:12	,20/06/2026 22:08:52	,23/06/2026 11:39:55	,"	",,,Fulfillment by seller,TM420 Warehouse,JX9742593104,Hemat,J&T Express,,n***aloav,N********,(+62)082*******99,"	",Indonesia,Bengkulu,Kabupaten Lebong,*************,*************,*******************,,Bayar di tempat,0.75,Hoodie & Jumper,1200615528959214870	,TikTok,,Unchecked,,,Product cards,
584613133510214815	,Dibatalkan,Dibatalkan,Cancel,Normal,1730936507432404461	,WATCH-CANVAS-GREEN,TM420 Canvas Watch - Jam Tangan Arloji - Wrislet Watches Waterproof With Date,Green,1,1,279000,279000,35000,0,244000,0,11000,0,11000,0,0,244000,,1900,,0,2700,248600,20/06/2026 06:21:08	,"	","	","	","	",20/06/2026 06:21:59	,User,Metode pembayaran tidak tersedia,Fulfillment by seller,TM420 Warehouse,,Pengiriman besok sampai,,,s***vviii,M****** r*** a*********,(+62)838*****74,"	",Indonesia,Jawa Barat,Kab. Bogor,************,********,**********,*******************************,PayLater + QRIS,0.5,Jam Tangan Pria,"	",TikTok,,,,,Product cards,
584613071977284949	,Selesai,Selesai,,Normal,1730945623285204461	,TS-PEACEFULLIFE-L,TM420 Peaceful Life T-Shirt (Cotton Combed 24s Bahan Kain Tebal),L,1,0,185000,185000,14168,27580,143252,0,22500,0,22500,0,0,,,1400,1447,0,0,146099,20/06/2026 06:10:35	,22/06/2026 20:00:39	,20/06/2026 13:38:12	,20/06/2026 20:15:27	,22/06/2026 20:00:39	,"	",,,Fulfillment by seller,TM420 Warehouse,JX9741573704,Hemat,J&T Express,,a***iabilbina6,i********,(+62)812******76,"	",Indonesia,Lampung,Kab. Lampung Selatan,*****,***********,**********************************************************************,*************************************,Bayar di tempat,0.25,T-shirt,1200609035128636757	,TikTok,,Unchecked,,,Product cards,
584610123274487681	,Dibatalkan,Dibatalkan,Cancel,Normal,1732143549041837549	,JER-420-XL,"TM420 420 Jersey Baju Olahraga Sport Running, Football, Cycling, Fishing",XL,1,1,250000,250000,20000,37580,192420,0,45000,0,45000,0,0,192420,,0,1924,0,0,194344,19/06/2026 22:03:50	,"	",20/06/2026 13:38:12	,20/06/2026 22:08:52	,"	",11/07/2026 08:27:23	,System,Pengiriman paket gagal,Fulfillment by seller,TM420 Warehouse,JX9743381501,Hemat,J&T Express,,m***mmadyusrilim,B*****,(+62)895*******90,"	",Indonesia,Sulawesi Selatan,Kota Pare Pare,********,**************,****************,,Bayar di tempat,0.25,Kaos Olahraga,1200593000322598785	,TikTok,,Unchecked,,,Product cards,
584608969854125638	,Selesai,Selesai,,Normal,1730786878808753645	,TS-SMOKEWEED-L,TM420 Smoke Weed T-Shirt (Cotton Combed 24s Bahan Tebal),L,1,0,185000,185000,0,27580,157420,0,16500,0,16500,0,0,,,1000,,0,0,158420,19/06/2026 20:54:29	,19/06/2026 20:55:43	,20/06/2026 13:38:13	,20/06/2026 22:08:52	,22/06/2026 09:11:53	,"	",,,Fulfillment by seller,TM420 Warehouse,JX9746581401,Pengiriman standar,J&T Express,,a***anagam23,l**** n*****,(+62)812******89,"	",Indonesia,Banten,Kab. Lebak,*************,************,**********************,***************************************,DANA,0.25,T-shirt,1200588382515594822	,TikTok,,Unchecked,,,Product cards,
584608091640006263	,Selesai,Selesai,,Normal,1730945567628625389	,TS-SUMPEACE-L,TM420 Summer Peace T-Shirt (Cotton Combed 24s Bahan Kain Tebal),L,1,0,185000,185000,14168,27580,143252,0,18000,0,18000,0,0,,,1400,5786,0,0,150438,19/06/2026 19:59:48	,22/06/2026 11:41:11	,20/06/2026 13:38:15	,20/06/2026 22:08:52	,22/06/2026 11:41:11	,"	",,,Fulfillment by seller,TM420 Warehouse,JX9747573904,Pengiriman standar,J&T Express,,q***tyuiop___3,r******,(+62)858******48,"	",Indonesia,Jawa Tengah,Cilacap,******,******,****************,***********,Bayar di tempat,0.25,T-shirt,1200583798071920247	,TikTok,,Unchecked,,,Product cards,
584607298174223615	,Selesai,Selesai,,Normal,1731641869519390189	,TS-TUPAC-XL,TM420 Tupac Shakur T-Shirt - 2pac (Cotton Combed 24s Kaos),XL,1,0,175000,175000,23613,17580,133807,0,10000,0,10000,0,0,,0,1000,,1100,8600,144507,19/06/2026 19:09:41	,19/06/2026 19:09:52	,20/06/2026 13:38:07	,20/06/2026 22:08:52	,21/06/2026 14:27:02	,"	",,,Fulfillment by seller,TM420 Warehouse,JX9747753304,Pengiriman standar,J&T Express,,D***a N***al,D**** N*****,(+62)812******15,*****	,Indonesia,DKI Jakarta,Kota Administrasi Jakarta Pusat,*****,******,*********************************************************************************************************************,**************************,GoPay Later,0.25,T-shirt,1200580119587423487	,Tokopedia,,Unchecked,,,Product cards,
584607321837176063	,Dibatalkan,Dibatalkan,Cancel,Normal,1731641869519390189	,TS-TUPAC-XL,TM420 Tupac Shakur T-Shirt - 2pac (Cotton Combed 24s Kaos),XL,1,1,175000,175000,23613,17580,133807,0,10000,0,10000,0,0,133807,0,1000,,1100,8600,144507,19/06/2026 19:07:46	,19/06/2026 19:07:59	,"	","	","	",19/06/2026 19:08:40	,User,Informasi pengiriman salah,Fulfillment by seller,TM420 Warehouse,,Pengiriman standar,,,D***a N***al,D**** N*****,(+62)812******15,*****	,Indonesia,DKI Jakarta,Kota Administrasi Jakarta Pusat,*****,******,*********************************************************************************************************************,**************************,GoPay Later,0.25,T-shirt,1200580343222273279	,Tokopedia,,Unchecked,,,Product cards,
584606821596825535	,Selesai,Selesai,,Normal,1732819267917743597	,CRG-SAGE-32,TM420 Cargo Long Pants Green & Cream Premium Canvas,"32, Hijau",1,0,495000,495000,0,253000,242000,18000,63000,0,45000,0,0,,,2000,2620,0,0,264620,19/06/2026 18:35:23	,25/06/2026 22:39:32	,20/06/2026 13:38:07	,20/06/2026 22:08:52	,25/06/2026 22:39:32	,"	",,,Fulfillment by seller,TM420 Warehouse,JX9748493604,Hemat,J&T Express,,i***hasbullah,i** h********,(+62)821******83,"	",Indonesia,Maluku Utara,Kota Ternate,**************,****,************************************************************************,,Bayar di tempat,0.6,Celana Panjang,1200577591151855551	,TikTok,,Unchecked,,,Product cards,
584605986057717212	,Selesai,Selesai,,Normal,1730936507432469997	,WATCH-CANVAS-BLACK,TM420 Canvas Watch - Jam Tangan Arloji - Wrislet Watches Waterproof With Date,Black,1,0,279000,279000,0,0,279000,28500,98500,0,70000,0,0,,,2400,3139,0,4000,317039,19/06/2026 17:29:27	,29/06/2026 18:40:06	,20/06/2026 13:38:07	,20/06/2026 22:08:52	,29/06/2026 18:40:06	,"	",,,Fulfillment by seller,TM420 Warehouse,JX9744321601,Hemat,J&T Express,,t***ok4697,t*****,(+62)821******31,"	",Indonesia,Papua,Kota Jayapura,****************,******,***********************,****************,Bayar di tempat,0.5,Jam Tangan Pria,1200571901063955932	,TikTok,,Unchecked,,,Product cards,
584605842439243591	,Selesai,Selesai,,Normal,1731133967247640045	,PC-LOGO-GREEN,TM420 Logo Polocap Original Creamy Green Twill Canvas,Green,1,0,111420,111420,6685,0,104735,0,5500,0,5500,0,0,,,1500,,0,0,106235,19/06/2026 17:19:18	,19/06/2026 17:19:33	,20/06/2026 13:38:07	,20/06/2026 20:15:26	,21/06/2026 16:33:13	,"	",,,Fulfillment by seller,TM420 Warehouse,JX9741521201,Pengiriman standar,J&T Express,,y***oktora10,Y***,(+62)628********21,"	",Indonesia,Jawa Barat,Kab. Purwakarta,************,*********,*********************************************************************************************,******************,GoPay,0.15,Topi,1200571056076719943	,TikTok,,Unchecked,,,Product cards,
584603519409358501	,Selesai,Selesai,,Normal,1731718934578759149	,TS-TIEMUSHROOM-XL,TM420 Mushroom Tie-Dye T-Shirt (Cotton Combed 24s),XL,1,0,185000,185000,14978,18580,151442,0,19000,0,19000,0,0,,,1000,,0,0,152442,19/06/2026 14:13:43	,19/06/2026 14:13:59	,19/06/2026 16:02:20	,19/06/2026 20:16:47	,22/06/2026 12:58:00	,"	",,,Fulfillment by seller,TM420 Warehouse,JX9735742024,Pengiriman standar,J&T Express,,r***rdhna_,R**** w******,(+62)823******57,"	",Indonesia,Jawa Timur,Kota Malang,*****,********,**************************************,******************************************,QRIS,0.25,T-shirt,1200551380033439397	,TikTok,,Unchecked,,,Product cards,
584601568537904650	,Selesai,Selesai,,Normal,1730929756737471981	,PLC-PEACE-CREAM,TM420 Peace Polocap Original Creamy Green,Default,1,0,111420,111420,0,0,111420,0,29000,0,29000,0,0,,,1100,1125,0,0,113645,19/06/2026 11:51:13	,23/06/2026 10:13:26	,19/06/2026 14:09:29	,19/06/2026 20:16:46	,23/06/2026 10:13:26	,"	",,,Fulfillment by seller,TM420 Warehouse,JX9730441116,Hemat,J&T Express,,f***rurrozik6,f****** r****,(+62)813******49,"	",Indonesia,Sumatera Barat,Payakumbuh,****************,***********,***************,*****************************,Bayar di tempat,0.25,Topi,1200533504864912906	,TikTok,,Unchecked,,,Product cards,
584600070339396950	,Dibatalkan,Dibatalkan,Cancel,Normal,1730791711277483501	,TSLS-GOODFRIENDS-XL,TM420 Good Friends Long Sleeve T-Shirt (Cotton Combed 30s),XL,1,1,215000,215000,28113,42580,144307,0,19000,0,19000,0,0,144307,,1117,,0,0,145424,19/06/2026 10:07:00	,"	","	","	","	",20/06/2026 10:07:02	,System,Pesanan dibatalkan karena pembeli terlambat membayar,Fulfillment by seller,TM420 Warehouse,,Pengiriman standar,,,n***hikaaa_,C*****,(+62)852******14,"	",Indonesia,Jawa Timur,Kota Malang,********,************,**********************************************,************,QRIS,0.25,T-shirt,"	",TikTok,,,,,Product cards,
584599160662165314	,Selesai,Selesai,,Normal,1735119164618474989	,TSDL-LEGALIZESALUR-XL,TM420 Legalize Cannabis Long-Sleeve Double Layer T-Shirt (Cotton Combed 24s - Salur),XL,1,0,250000,250000,14594,67580,167826,0,33500,0,33500,0,0,,,1000,1688,0,0,170514,19/06/2026 08:52:26	,23/06/2026 12:15:03	,19/06/2026 14:09:29	,19/06/2026 20:16:46	,23/06/2026 12:15:03	,"	",,,Fulfillment by seller,TM420 Warehouse,JX9739453518,Hemat,J&T Express,,i***mfadilah737,I**** F*******,(+62)822******75,"	",Indonesia,Bengkulu,Kabupaten Kepahiang,********,************,*******************************************************************************,,Bayar di tempat,0.25,T-shirt,1200513188267657026	,TikTok,,Unchecked,,,Product cards,
584596898394506822	,Selesai,Selesai,,Normal,1735535713856554477	,TSLS-HASHISH-M,TM420 Hashish Long Sleeve T-Shirt (Cotton Combed 24s),M,1,0,275000,275000,30890,92580,151530,0,17000,0,17000,0,0,,,1000,,0,1700,154230,19/06/2026 03:45:49	,19/06/2026 03:46:09	,19/06/2026 14:09:26	,19/06/2026 20:16:46	,23/06/2026 09:01:19	,"	",,,Fulfillment by seller,TM420 Warehouse,JX9733033219,Hemat,J&T Express,,b***nnnnnn0,M******* I**********,(+62)896******31,"	",Indonesia,Sumatera Barat,Kota Padang,***********,**************,**************,,GoPay,0.25,T-shirt,1200493719711548998	,TikTok,,Unchecked,,,Product cards,
584596927883871909	,Selesai,Selesai,Cancel,Normal,1730791711277483501	,TSLS-GOODFRIENDS-XL,TM420 Good Friends Long Sleeve T-Shirt (Cotton Combed 30s),XL,1,0,215000,215000,25863,42580,146557,0,19000,0,19000,0,0,,,785,,0,0,426644,19/06/2026 03:43:54	,19/06/2026 03:44:27	,19/06/2026 14:11:41	,19/06/2026 20:16:46	,22/06/2026 12:57:39	,"	",User,Tidak perlu lagi,Fulfillment by seller,TM420 Warehouse,JX9732701018,Pengiriman standar,J&T Express,,r***rdhna_,R**** w******,(+62)823******57,"	",Indonesia,Jawa Timur,Kota Malang,*****,********,**************************************,******************************************,QRIS,0.25,T-shirt,1200493696127239845	,TikTok,,Unchecked,,,Product cards,
584596927883871909	,Selesai,Selesai,Cancel,Normal,1731544727697982957	,TS-JAMAICA-XL,TM420 Jamaica T-Shirt (Cotton Combed 24s Kaos Tebal Jamaika),XL,1,0,175000,175000,23613,17580,133807,0,19000,0,19000,0,0,,,717,,0,0,426644,19/06/2026 03:43:54	,19/06/2026 03:44:27	,19/06/2026 14:11:41	,19/06/2026 20:16:46	,22/06/2026 12:57:39	,"	",User,Tidak perlu lagi,Fulfillment by seller,TM420 Warehouse,JX9732701018,Pengiriman standar,J&T Express,,r***rdhna_,R**** w******,(+62)823******57,"	",Indonesia,Jawa Timur,Kota Malang,*****,********,**************************************,******************************************,QRIS,0.25,T-shirt,1200493696127239845	,TikTok,,Unchecked,,,Product cards,
584596927883871909	,Selesai,Selesai,Cancel,Normal,1733635458331018733	,,VOOJAH Stoner Longsleeve (Cotton Combed 24s),XL,1,0,210000,210000,25413,40580,144007,0,19000,0,19000,0,0,,,771,,0,0,426644,19/06/2026 03:43:54	,19/06/2026 03:44:27	,19/06/2026 14:11:41	,19/06/2026 20:16:46	,22/06/2026 12:57:39	,"	",User,Tidak perlu lagi,Fulfillment by seller,TM420 Warehouse,JX9732701018,Pengiriman standar,J&T Express,,r***rdhna_,R**** w******,(+62)823******57,"	",Indonesia,Jawa Timur,Kota Malang,*****,********,**************************************,******************************************,QRIS,0.3,T-shirt,1200493696127239845	,TikTok,,Unchecked,,,Product cards,
584593899041686726	,Selesai,Selesai,,Normal,1734577412193486317	,CREW-HIGHCULT-BLACK-XL,TM420 High Culture Crewneck (Sweater - Cotton Fleece 280gsm),"XL, Hitam",1,0,299000,299000,10000,14580,274420,0,20000,0,20000,0,0,,,2100,2765,0,0,279285,18/06/2026 21:26:32	,22/06/2026 09:39:11	,19/06/2026 14:09:26	,19/06/2026 20:16:46	,22/06/2026 09:39:11	,"	",,,Fulfillment by seller,TM420 Warehouse,JX9738473918,Hemat,J&T Express,,l***spido,u***,(+62)857******53,"	",Indonesia,Bali,Kab. Badung,************,******,********************,*****************,Bayar di tempat,0.5,Jaket & Mantel,1200478796649956550	,TikTok,,Unchecked,,,Product cards,
584592330023012101	,Dibatalkan,Dibatalkan,Cancel,Normal,1731791699398985197	,HOOD-TEACHPEACE-M,TM420 Teach Peace Hoodie (Cotton Fleece 280gsm Sweater),M,1,1,345000,345000,10000,11580,323420,32000,32000,0,0,0,0,323420,,2800,3582,0,0,361802,18/06/2026 19:49:18	,"	",19/06/2026 14:09:26	,19/06/2026 20:16:46	,"	",01/07/2026 20:20:06	,System,Pengiriman paket gagal,Fulfillment by seller,TM420 Warehouse,JX9733573118,Hemat,J&T Express,,j***.pelan,m**********,(+62)887******70,"	",Indonesia,Sumatera Barat,Kab. Tanah Datar,*******,*******,******************,***********************************************************************************,Bayar di tempat,0.6,Hoodie & Jumper,1200471596817286917	,TikTok,,Unchecked,,,Product cards,
584592352294634908	,Selesai,Selesai,,Normal,1731641808855008749	,TS-GOODNATURE-M,TM420 Nature Is Good T-Shirt (Cotton Combed 24s Kaos Bahan Kain Tebal),M,1,0,175000,175000,27202,17580,130218,0,29000,0,29000,0,0,,,1300,1315,0,0,132833,18/06/2026 19:46:45	,03/07/2026 14:23:49	,19/06/2026 14:09:26	,19/06/2026 20:16:46	,03/07/2026 14:23:49	,"	",,,Fulfillment by seller,TM420 Warehouse,JX9733073219,Hemat,J&T Express,,b***ham.666,R*** s*******,(+62)856******10,"	",Indonesia,Kepulauan Riau,Kota Batam,********,***************,******************************,************************************,Bayar di tempat,0.25,T-shirt,1200471981740164508	,TikTok,,Unchecked,,,Product cards,
584590573921666073	,Selesai,Selesai,,Normal,1730945878193178093	,TS-GTA-XL,TM420 GTA Smoke & Fly Grand Theft Auto T-Shirt (Cotton Combed 24s Bahan Kain Tebal),XL,1,0,185000,185000,9966,27580,147454,0,11000,0,11000,0,0,,,864,,0,0,148318,18/06/2026 17:48:00	,18/06/2026 17:48:04	,18/06/2026 18:27:44	,18/06/2026 20:23:44	,19/06/2026 15:25:42	,"	",,,Fulfillment by seller,TM420 Warehouse,JX9720945231,Pengiriman besok sampai,J&T Express,,r***_abdilah,a***,(+62)857******79,"	",Indonesia,Jawa Barat,Kota Bekasi,*************,*********,*****************,*************************************************,PayLater,0.25,T-shirt,1200461567150228505	,TikTok,,Unchecked,,,Product cards,
584588205269288786	,Selesai,Selesai,,Normal,1730936568712693229	,TS-HPKT-L,TM420 Happiness Kit Smile T-Shirt (Cotton Combed 24s Bahan Kain Kaos Tebal Senyum),L,1,0,185000,185000,7871,27580,149549,0,49500,0,49500,0,0,,,0,4486,0,0,154035,18/06/2026 14:37:51	,25/06/2026 17:31:56	,18/06/2026 15:55:35	,18/06/2026 20:23:44	,25/06/2026 17:31:56	,"	",,,Fulfillment by seller,TM420 Warehouse,JX9720868922,Pengiriman standar,J&T Express,,k***jastin,a*****,(+62)821******53,"	",Indonesia,Sulawesi Selatan,Kota Pare Pare,*****,***********,*************************************,***************************,Bayar di tempat,0.25,T-shirt,1200441129680471890	,TikTok,,Unchecked,,,Product cards,
584586220634802029	,Selesai,Selesai,,Normal,1731791699399050733	,HOOD-TEACHPEACE-L,TM420 Teach Peace Hoodie (Cotton Fleece 280gsm Sweater),L,1,0,345000,345000,10000,11580,323420,0,38000,0,38000,0,0,,,2500,3259,0,0,329179,18/06/2026 12:09:58	,03/07/2026 20:08:23	,18/06/2026 15:55:36	,18/06/2026 20:23:44	,03/07/2026 20:08:23	,"	",,,Fulfillment by seller,TM420 Warehouse,JX9728908622,Hemat,J&T Express,,a***9788,a*** s*****,(+62)821******25,"	",Indonesia,Kalimantan Barat,Kab. Kapuas Hulu,**********,***********,****************,*****************,Bayar di tempat,0.6,Hoodie & Jumper,1200423498258483053	,TikTok,,Unchecked,,,Product cards,
584585295695611330	,Selesai,Selesai,,Normal,1732819267917743597	,CRG-SAGE-32,TM420 Cargo Long Pants Green & Cream Premium Canvas,"32, Hijau",1,0,495000,495000,10000,253000,232000,0,45000,0,45000,0,0,,,1800,2338,0,0,236138,18/06/2026 11:05:41	,01/07/2026 09:02:52	,18/06/2026 15:55:36	,18/06/2026 20:23:44	,01/07/2026 09:02:52	,"	",,,Fulfillment by seller,TM420 Warehouse,JX9724011432,Hemat,J&T Express,,r***911_,S***,(+62)822******06,"	",Indonesia,Kalimantan Barat,Kab. Kubu Raya,************,*****************,******************************,****************************************,Bayar di tempat,0.6,Celana Panjang,1200415171495495106	,TikTok,,Unchecked,,,Product cards,
584582314149118977	,Dibatalkan,Dibatalkan,Cancel,Normal,1730945567628559853	,TS-SUMPEACE-M,TM420 Summer Peace T-Shirt (Cotton Combed 24s Bahan Kain Tebal),M,1,1,185000,185000,20000,27580,137420,0,29000,0,29000,0,0,137420,,1300,1387,0,0,140107,18/06/2026 06:53:26	,"	",18/06/2026 15:55:36	,18/06/2026 20:23:44	,"	",11/07/2026 18:57:20	,System,Pengiriman paket gagal,Fulfillment by seller,TM420 Warehouse,JX9727948022,Hemat,J&T Express,,f***iansyahpoland,f*********,(+62)857******78,"	",Indonesia,Kalimantan Barat,Pontianak,***************,***************,********************,****************,Bayar di tempat,0.25,T-shirt,1200385977093948417	,TikTok,,Unchecked,,,Product cards,
584582162234180934	,Selesai,Selesai,,Normal,1729590935818045933	,TS-ORNAMENT-XXL,TM420 Ornamentation T-Shirt (Cotton Combed 24s Bahan Kain Tebal Original),XXL,1,0,133420,133420,21940,0,111480,0,13000,0,13000,0,0,,,889,,0,0,112369,18/06/2026 06:37:31	,18/06/2026 06:37:38	,18/06/2026 15:55:38	,18/06/2026 20:23:44	,20/06/2026 15:45:53	,"	",,,Fulfillment by seller,TM420 Warehouse,JX9726891331,Hemat,J&T Express,,b***.27,B**** r*****,(+62)812******13,"	",Indonesia,Sumatera Selatan,Kota Palembang,*********,************,**************************************,*****************************************************,PayLater,0.25,T-shirt,1200385102749992262	,TikTok,,Unchecked,,,Product cards,
584580253030516216	,Selesai,Selesai,,Normal,1730946167610246637	,TS-MONROE-XXL,TM420 Let's Burn Monroe T-Shirt (Cotton Combed 30s),XXL,1,0,185000,185000,9445,27580,147975,0,10500,0,10500,0,0,,,0,1480,0,0,149455,17/06/2026 23:57:19	,19/06/2026 18:59:20	,18/06/2026 15:55:38	,18/06/2026 20:23:44	,19/06/2026 18:59:20	,"	",,,Fulfillment by seller,TM420 Warehouse,JX9723111932,Pengiriman besok sampai,J&T Express,,j***rta00798,a*** a*******,(+62)858******28,"	",Indonesia,DKI Jakarta,Kota Administrasi Jakarta Barat,*********,*******,*****************************,*********************,Bayar di tempat,0.25,T-shirt,1200372680980661752	,TikTok,,Unchecked,,,Product cards,
584579716571760164	,Selesai,Selesai,,Normal,1730936507432469997	,WATCH-CANVAS-BLACK,TM420 Canvas Watch - Jam Tangan Arloji - Wrislet Watches Waterproof With Date,Black,1,0,279000,279000,0,0,279000,0,38000,0,38000,0,0,,,2199,4475,0,0,451975,17/06/2026 23:03:56	,24/06/2026 21:54:28	,18/06/2026 15:55:38	,18/06/2026 20:23:44	,24/06/2026 21:54:28	,"	",,,Fulfillment by seller,TM420 Warehouse,JX9728868322,Hemat,J&T Express,,b***ando_prb,b******,(+62)821******77,"	",Indonesia,Sumatera Utara,Kabupaten Karo,*********,*********,**************************,,Bayar di tempat,0.5,Jam Tangan Pria,1200370124359435812	,TikTok,,Unchecked,,,Product cards,
584579716571760164	,Selesai,Selesai,,Normal,1731727577378031085	,TSLESS-SHINCHAN-L,TM420 Shinchan ACAB T-Shirt (Cotton Combed 24s Crayon Sinchan Kaos Tebal Sincan 1312),L,1,0,165000,165000,0,0,165000,0,38000,0,38000,0,0,,,1301,4475,0,0,451975,17/06/2026 23:03:56	,24/06/2026 21:54:28	,18/06/2026 15:55:38	,18/06/2026 20:23:44	,24/06/2026 21:54:28	,"	",,,Fulfillment by seller,TM420 Warehouse,JX9728868322,Hemat,J&T Express,,b***ando_prb,b******,(+62)821******77,"	",Indonesia,Sumatera Utara,Kabupaten Karo,*********,*********,**************************,,Bayar di tempat,0.25,T-shirt,1200370124359435812	,TikTok,,Unchecked,,,Product cards,
584577563680736329	,Selesai,Selesai,,Normal,1734087090948441581	,STICKPACK-MEDICATION,TM420 Sticker Pack (Stiker),Medication,1,0,42000,42000,1178,23580,17242,5000,75000,0,70000,0,0,,,99,1805,0,0,182274,17/06/2026 20:36:40	,22/06/2026 11:37:12	,18/06/2026 15:55:39	,18/06/2026 20:23:44	,22/06/2026 11:37:12	,"	",,,Fulfillment by seller,TM420 Warehouse,JX9726088823,Hemat,J&T Express,,a***audu_73,A** t****,(+62)822******87,"	",Indonesia,Maluku,Kota Ambon,*******,************,********************************************,*****************************************,Bayar di tempat,0.1,Stiker Dekoratif,1200360868535895113	,TikTok,,Unchecked,,,Product cards,
584577563680736329	,Selesai,Selesai,,Normal,1734087090948507117	,STICKPACK-LEGALIZE,TM420 Sticker Pack (Stiker),Legalize,1,0,42000,42000,1178,23580,17242,5000,75000,0,70000,0,0,,,99,1805,0,0,182274,17/06/2026 20:36:40	,22/06/2026 11:37:12	,18/06/2026 15:55:39	,18/06/2026 20:23:44	,22/06/2026 11:37:12	,"	",,,Fulfillment by seller,TM420 Warehouse,JX9726088823,Hemat,J&T Express,,a***audu_73,A** t****,(+62)822******87,"	",Indonesia,Maluku,Kota Ambon,*******,************,********************************************,*****************************************,Bayar di tempat,0.1,Stiker Dekoratif,1200360868535895113	,TikTok,,Unchecked,,,Product cards,
584577563680736329	,Selesai,Selesai,,Normal,1735536444149433837	,TS-SAYUR-XL,TM420 Sayur 4 Sehat 20 Sejahtera Vegetable T-Shirt (Cotton Combed 24s),XL,1,0,250000,250000,17435,92580,139985,5000,75000,0,70000,0,0,,,802,1805,0,0,182274,17/06/2026 20:36:40	,22/06/2026 11:37:12	,18/06/2026 15:55:39	,18/06/2026 20:23:44	,22/06/2026 11:37:12	,"	",,,Fulfillment by seller,TM420 Warehouse,JX9726088823,Hemat,J&T Express,,a***audu_73,A** t****,(+62)822******87,"	",Indonesia,Maluku,Kota Ambon,*******,************,********************************************,*****************************************,Bayar di tempat,0.25,T-shirt,1200360868535895113	,TikTok,,Unchecked,,,Product cards,
584576663552427491	,Selesai,Selesai,,Normal,1730936748591187437	,TS-DOODLE-M,TM420 The Doodle T-Shirt (Cotton Combed 24s Bahan Kain Tebal),M,1,0,185000,185000,16118,27580,141302,0,16500,0,16500,0,0,,,1400,1427,0,0,144129,17/06/2026 19:41:20	,20/06/2026 20:03:40	,18/06/2026 15:55:33	,18/06/2026 20:23:44	,20/06/2026 20:03:40	,"	",,,Fulfillment by seller,TM420 Warehouse,JX9722108223,Pengiriman standar,J&T Express,,m***reza152,u*****************,(+62)831******58,"	",Indonesia,Banten,Kab. Lebak,*****,*******,********************************,*************************************,Bayar di tempat,0.25,T-shirt,1200356557420070371	,TikTok,,Unchecked,,,Product cards,
584576124352562269	,Selesai,Selesai,,Normal,1734549252596073965	,420-NAV-BRI-OVE-BOC-XL,420F Navy Bricks Oversized Bocy,XL,1,0,225000,225000,9333,69580,146087,0,10500,0,10500,0,0,,,1139,1472,0,0,148698,17/06/2026 19:04:04	,21/06/2026 20:47:03	,18/06/2026 15:55:33	,18/06/2026 20:23:44	,21/06/2026 20:47:03	,"	",,,Fulfillment by seller,TM420 Warehouse,JX9724131832,Pengiriman besok sampai,J&T Express,,t***yuu_,K**** E**,(+62)853******42,"	",Indonesia,DKI Jakarta,Kota Administrasi Jakarta Barat,**********,******************,********************************,*****,Bayar di tempat,0.25,T-shirt,1200352848594371677	,TikTok,,Unchecked,,,LIVE,tm420.official
584575676069414520	,Selesai,Selesai,,Normal,1730936507432469997	,WATCH-CANVAS-BLACK,TM420 Canvas Watch - Jam Tangan Arloji - Wrislet Watches Waterproof With Date,Black,1,0,279000,279000,43539,0,235461,0,10500,0,10500,0,0,,,1825,3771,0,0,380826,17/06/2026 18:33:18	,22/06/2026 17:44:37	,18/06/2026 15:55:33	,18/06/2026 20:23:44	,22/06/2026 17:44:37	,"	",,,Fulfillment by seller,TM420 Warehouse,JX9724811131,Pengiriman besok sampai,J&T Express,,s***ledad_55,K*** E**,(+62)853******42,"	",Indonesia,DKI Jakarta,Kota Administrasi Jakarta Barat,**********,****************,*********************************,*******************,Bayar di tempat,0.5,Jam Tangan Pria,1200349717705033336	,TikTok,,Unchecked,,,Product cards,
584575676069414520	,Selesai,Selesai,,Normal,1730936748591252973	,TS-DOODLE-L,TM420 The Doodle T-Shirt (Cotton Combed 24s Bahan Kain Tebal),L,1,0,185000,185000,18726,27580,138694,0,10500,0,10500,0,0,,,1075,3771,0,0,380826,17/06/2026 18:33:18	,22/06/2026 17:44:37	,18/06/2026 15:55:33	,18/06/2026 20:23:44	,22/06/2026 17:44:37	,"	",,,Fulfillment by seller,TM420 Warehouse,JX9724811131,Pengiriman besok sampai,J&T Express,,s***ledad_55,K*** E**,(+62)853******42,"	",Indonesia,DKI Jakarta,Kota Administrasi Jakarta Barat,**********,****************,*********************************,*******************,Bayar di tempat,0.25,T-shirt,1200349717705033336	,TikTok,,Unchecked,,,Product cards,
584574679418046235	,Selesai,Selesai,,Normal,1730936507432469997	,WATCH-CANVAS-BLACK,TM420 Canvas Watch - Jam Tangan Arloji - Wrislet Watches Waterproof With Date,Black,1,0,279000,279000,0,0,279000,1000,71000,0,70000,0,0,,,2200,2822,0,0,285022,17/06/2026 17:24:17	,24/06/2026 10:58:26	,18/06/2026 15:55:33	,18/06/2026 20:23:44	,24/06/2026 10:58:26	,"	",,,Fulfillment by seller,TM420 Warehouse,JX9725928622,Hemat,J&T Express,,3***isa,a*********,(+62)819******71,"	",Indonesia,Nusa Tenggara Barat,Kab. Lombok Utara,*****,********,****************************,,Bayar di tempat,0.5,Jam Tangan Pria,1200343727069824795	,TikTok,,Unchecked,,,Product cards,
584574185601008688	,Selesai,Selesai,,Normal,1731418073856837101	,TS-WILDFIRE-L,TM420 Wildfire T-Shirt (Cotton Combed 24s),L,1,0,185000,185000,0,27580,157420,0,23000,0,23000,0,0,,,1000,,0,0,158420,17/06/2026 16:45:28	,17/06/2026 16:45:48	,17/06/2026 16:49:51	,17/06/2026 20:28:08	,22/06/2026 13:12:36	,"	",,,Fulfillment by seller,TM420 Warehouse,JX9715334641,Hemat,J&T Express,,a***setiawan.official_,I P*** A*** S*******,(+62)895*******81,"	",Indonesia,Bali,Kab. Tabanan,*******,**********,************************************************************,****************************************,GoPay,0.25,T-shirt,1200340025498371120	,TikTok,,Unchecked,,,LIVE,tm420.official
584574106120062457	,Selesai,Selesai,,Normal,1735536109438141933	,TSLS-MEDICATIONOV-M,TM420 Medication Overview Long Sleeve T-Shirt (Cotton Combed 24s - Kaos Lengan Panjang),M,1,0,275000,275000,4568,92580,177852,10500,40500,0,30000,0,0,,,1439,3593,0,0,362847,17/06/2026 16:39:40	,21/06/2026 12:53:42	,17/06/2026 16:49:51	,17/06/2026 20:28:08	,21/06/2026 12:53:42	,"	",,,Fulfillment by seller,TM420 Warehouse,JX9716281040,Pengiriman standar,J&T Express,,i***nuelatihuta,B*******,(+62)085*******96,"	",Indonesia,Sulawesi Selatan,Kota Makassar,********,*******,********************************************************************,,Bayar di tempat,0.15,T-shirt,1200339504122267129	,TikTok,,Unchecked,,,LIVE,tm420.official
584574106120062457	,Selesai,Selesai,,Normal,1731718924607849965	,TSLS-3DICONS-L,TM420 Natural 3D Icons Longsleeve T-Shirt (Cotton Combed 24s Kaos Tebal Lengan Panjang),L,1,0,210000,210000,4318,37580,168102,10500,40500,0,30000,0,0,,,1361,3593,0,0,362847,17/06/2026 16:39:40	,21/06/2026 12:53:42	,17/06/2026 16:49:51	,17/06/2026 20:28:08	,21/06/2026 12:53:42	,"	",,,Fulfillment by seller,TM420 Warehouse,JX9716281040,Pengiriman standar,J&T Express,,i***nuelatihuta,B*******,(+62)085*******96,"	",Indonesia,Sulawesi Selatan,Kota Makassar,********,*******,********************************************************************,,Bayar di tempat,0.25,T-shirt,1200339504122267129	,TikTok,,Unchecked,,,Product cards,
584574047859868870	,Selesai,Selesai,,Normal,1730945567628690925	,TS-SUMPEACE-XL,TM420 Summer Peace T-Shirt (Cotton Combed 24s Bahan Kain Tebal),XL,1,0,185000,185000,20000,27580,137420,0,10500,0,10500,0,0,,,1300,,0,0,138720,17/06/2026 16:35:15	,17/06/2026 16:35:29	,17/06/2026 16:49:51	,17/06/2026 20:28:08	,18/06/2026 16:47:08	,"	",,,Fulfillment by seller,TM420 Warehouse,JX9711081940,Pengiriman besok sampai,J&T Express,,g***panjaitan,k****** g***,(+62)822******77,"	",Indonesia,DKI Jakarta,Kota Administrasi Jakarta Selatan,************,*******,*****************,*************************************,OVO,0.25,T-shirt,1200338463173805254	,TikTok,,Unchecked,,,LIVE,tm420.official
584572199068730968	,Dibatalkan,Dibatalkan,Cancel,Normal,1731765794459715053	,TS-LISATANI-XL,TM420 Monalisa Bertani T-Shirt (Cotton Combed 24s Kaos Tebal),XL,1,1,175000,175000,0,17580,157420,20000,75000,0,55000,0,0,157420,,1000,1784,0,0,180204,17/06/2026 14:10:14	,"	",17/06/2026 16:49:51	,17/06/2026 20:28:08	,"	",30/06/2026 09:37:39	,System,Pengiriman paket gagal,Fulfillment by seller,TM420 Warehouse,JX9717201040,Hemat,J&T Express,,g***afterstress,p****,(+62)812******35,"	",Indonesia,Maluku,Kota Ambon,*******,*******,***************,**********************************************************,Bayar di tempat,0.25,T-shirt,1200321475410953816	,TikTok,,Unchecked,,,Product cards,
584570241565558192	,Selesai,Selesai,,Normal,1731989256954086893	,HOOD-SMOKEBLUNT-L,TM420 x Voojah - Smoke Blunt Hoodie (Cotton Fleece 280gsm),L,1,0,375000,375000,26674,41580,306746,0,10500,0,10500,0,0,,,2400,1000,0,0,310146,17/06/2026 11:53:21	,17/06/2026 11:54:03	,17/06/2026 13:13:12	,17/06/2026 20:28:09	,18/06/2026 14:43:34	,"	",,,Fulfillment by seller,TM420 Warehouse,JX9716262620,Pengiriman besok sampai,J&T Express,,a***da_rizki_alfian,k****,(+62)085*******16,"	",Indonesia,DKI Jakarta,Kota Administrasi Jakarta Utara,*********,*******,***********************************************************************,***********************************************************************,Transfer bank,0.75,Hoodie & Jumper,1200305386463528368	,TikTok,,Unchecked,,,Product cards,
584567712201803681	,Selesai,Selesai,,Normal,1731765794459583981	,TS-LISATANI-M,TM420 Monalisa Bertani T-Shirt (Cotton Combed 24s Kaos Tebal),M,1,0,175000,175000,5000,17580,152420,26000,61000,0,35000,0,0,,,1300,3334,0,0,336774,17/06/2026 08:44:43	,22/06/2026 10:50:27	,17/06/2026 13:13:12	,17/06/2026 20:28:08	,22/06/2026 10:50:27	,"	",,,Fulfillment by seller,TM420 Warehouse,JX9711122920,Pengiriman standar,J&T Express,,f***att84,R******,(+62)852******58,"	",Indonesia,Sulawesi Selatan,Toraja Utara,********,******************,******************,,Bayar di tempat,0.25,T-shirt,1200280858328205217	,TikTok,,Unchecked,,,Videos,user103240543
584567712201803681	,Selesai,Selesai,,Normal,1730945567628559853	,TS-SUMPEACE-M,TM420 Summer Peace T-Shirt (Cotton Combed 24s Bahan Kain Tebal),M,1,0,185000,185000,5000,27580,152420,26000,61000,0,35000,0,0,,,1300,3334,0,0,336774,17/06/2026 08:44:43	,22/06/2026 10:50:27	,17/06/2026 13:13:12	,17/06/2026 20:28:08	,22/06/2026 10:50:27	,"	",,,Fulfillment by seller,TM420 Warehouse,JX9711122920,Pengiriman standar,J&T Express,,f***att84,R******,(+62)852******58,"	",Indonesia,Sulawesi Selatan,Toraja Utara,********,******************,******************,,Bayar di tempat,0.25,T-shirt,1200280858328205217	,TikTok,,Unchecked,,,Videos,user103240543
584567117459064310	,Selesai,Selesai,,Normal,1730945623285138925	,TS-PEACEFULLIFE-M,TM420 Peaceful Life T-Shirt (Cotton Combed 24s Bahan Kain Tebal),M,1,0,185000,185000,12594,27580,144826,0,38000,0,38000,0,0,,,1400,,0,0,146226,17/06/2026 07:53:36	,17/06/2026 07:54:25	,17/06/2026 13:13:13	,17/06/2026 20:28:08	,24/06/2026 17:41:44	,"	",,,Fulfillment by seller,TM420 Warehouse,JX9718202320,Hemat,J&T Express,,s***ppong_,V**********,(+62)821******68,"	",Indonesia,Sumatera Utara,Kab. Karo,*********,**********,******************************************************,,QRIS,0.25,T-shirt,1200274187237230070	,TikTok,,Unchecked,,,Product cards,
584566257097278779	,Selesai,Selesai,,Normal,1731941518238778861	,TS-POG-XXL,TM420 Peace of God T-Shirt (Cotton Combed 24s Bahan Kaos Tebal),XXL,1,0,210000,210000,10000,37580,162420,0,7500,0,7500,0,0,,,1000,1634,0,0,165054,17/06/2026 06:23:11	,18/06/2026 19:07:26	,17/06/2026 13:13:13	,17/06/2026 20:28:08	,18/06/2026 19:07:26	,"	",,,Fulfillment by seller,TM420 Warehouse,JX9714142520,Pengiriman besok sampai,J&T Express,,,B****,(+62)812******85,"	",Indonesia,Jawa Barat,Kota Cimahi,*************,*****,*********************************,**********************************************,Bayar di tempat,0.25,T-shirt,1200266114783544635	,TikTok,,Unchecked,,,Videos,
584566174598464804	,Dibatalkan,Dibatalkan,Cancel,Normal,1730936507432469997	,WATCH-CANVAS-BLACK,TM420 Canvas Watch - Jam Tangan Arloji - Wrislet Watches Waterproof With Date,Black,1,1,279000,279000,10000,0,269000,14500,59500,0,45000,0,0,269000,,2200,,0,4000,289700,17/06/2026 06:05:58	,"	","	","	","	",18/06/2026 06:05:59	,System,Pesanan dibatalkan karena pembeli terlambat membayar,Fulfillment by seller,TM420 Warehouse,,Hemat,,,n***iuniu123457,R*** l*****,(+62)085*******04,"	",Indonesia,Sulawesi Tengah,Kab. Banggai Kepulauan,**********,*********,***************,*******************************,PayLater + QRIS,0.5,Jam Tangan Pria,"	",TikTok,,,,,Product cards,
584565949732127835	,Dibatalkan,Dibatalkan,Cancel,Normal,1730936507432469997	,WATCH-CANVAS-BLACK,TM420 Canvas Watch - Jam Tangan Arloji - Wrislet Watches Waterproof With Date,Black,1,1,279000,279000,11160,0,267840,0,12000,0,12000,0,0,267840,,2100,2699,0,0,272639,17/06/2026 05:26:06	,"	",17/06/2026 13:13:15	,"	","	",23/06/2026 04:21:26	,System,Otomatis dibatalkan karena melewati batas waktu pick up,Fulfillment by seller,TM420 Warehouse,JX9712235021,Pengiriman standar,J&T Express,,c***yah4,s**** d***,(+62)856******54,"	",Indonesia,Jawa Barat,Kab. Sukabumi,***********,***********,************************,**********,Bayar di tempat,0.5,Jam Tangan Pria,1200264510998742107	,TikTok,,Unchecked,,,Product cards,
584565765335647256	,Selesai,Selesai,,Normal,1730791820884936173	,TS-420GRASS-XL,TM420 420 Grass T-Shirt (Cotton Combed 24s Bahan Kaos Tebal),XL,1,0,185000,185000,24897,27580,132523,12000,12000,0,0,0,0,,,817,,0,0,145340,17/06/2026 04:38:52	,17/06/2026 04:39:40	,17/06/2026 13:13:15	,17/06/2026 20:28:08	,19/06/2026 08:50:53	,"	",,,Fulfillment by seller,TM420 Warehouse,JX9716382820,Pengiriman besok sampai,J&T Express,,r***nbawenk,R**** G****,(+62)823******14,"	",Indonesia,Jawa Barat,Subang,******,**********,****************************************,*********************************************,TikTok Shop Balance + QRIS,0.25,T-shirt,1200263015795033112	,TikTok,,Unchecked,,,Product cards,
584565716188955758	,Selesai,Selesai,,Normal,1731641904077047277	,TS-PEACEFULDOVE-L,TM420 Peaceful Dove T-Shirt (Cotton Combed 24s Kaos Peace Tebal),L,1,0,185000,185000,12594,27580,144826,0,11000,0,11000,0,0,,,1400,1462,0,0,147688,17/06/2026 04:24:47	,18/06/2026 20:45:07	,17/06/2026 13:13:16	,17/06/2026 20:28:08	,18/06/2026 20:45:07	,"	",,,Fulfillment by seller,TM420 Warehouse,JX9714382420,Pengiriman besok sampai,J&T Express,,r***sya,A**** R*****,(+62)877******09,"	",Indonesia,Jawa Barat,Kota Bekasi,************,******,*****************************************************************************************************,*****************************************************************************************************,Bayar di tempat,0.25,T-shirt,1200262629189125230	,TikTok,,Unchecked,,,Product cards,
584565182524196197	,Selesai,Selesai,,Normal,1730791711277352429	,TSLS-GOODFRIENDS-M,TM420 Good Friends Long Sleeve T-Shirt (Cotton Combed 30s),M,1,0,215000,215000,13794,42580,158626,0,25500,0,25500,0,0,,,1000,1000,0,0,160626,17/06/2026 01:47:16	,17/06/2026 01:48:03	,17/06/2026 13:13:16	,17/06/2026 20:28:08	,19/06/2026 12:34:48	,"	",,,Fulfillment by seller,TM420 Warehouse,JX9717262420,Hemat,J&T Express,,n***sya757,g****,(+62)082*******07,"	",Indonesia,Lampung,Tulang Bawang Barat,********************,**************,**********************************************************************************************,***************************************************************************************************,Transfer bank,0.25,T-shirt,1200259095074669925	,TikTok,,Unchecked,,,Videos,
584564999984547110	,Dibatalkan,Dibatalkan,Cancel,Normal,1734087090948441581	,STICKPACK-MEDICATION,TM420 Sticker Pack (Stiker),Medication,1,1,42000,42000,2617,23580,15803,0,28000,0,28000,0,0,15803,,105,1519,0,0,153372,17/06/2026 01:08:48	,"	",17/06/2026 13:13:18	,17/06/2026 20:28:08	,"	",30/06/2026 16:31:07	,System,Pengiriman paket gagal,Fulfillment by seller,TM420 Warehouse,JX9715322920,Hemat,J&T Express,,e***tt_classb,i****,(+62)851******14,"	",Indonesia,Riau,Kab. Indragiri Hilir,********,********,*********************,**********,Bayar di tempat,0.1,Stiker Dekoratif,1200257864856864038	,TikTok,,Unchecked,,,Product cards,
584564999984547110	,Dibatalkan,Dibatalkan,Cancel,Normal,1730936748591121901	,TS-DOODLE-S,TM420 The Doodle T-Shirt (Cotton Combed 24s Bahan Kain Tebal),S,1,1,185000,185000,22370,27580,135050,0,28000,0,28000,0,0,135050,,895,1519,0,0,153372,17/06/2026 01:08:48	,"	",17/06/2026 13:13:18	,17/06/2026 20:28:08	,"	",30/06/2026 16:31:07	,System,Pengiriman paket gagal,Fulfillment by seller,TM420 Warehouse,JX9715322920,Hemat,J&T Express,,e***tt_classb,i****,(+62)851******14,"	",Indonesia,Riau,Kab. Indragiri Hilir,********,********,*********************,**********,Bayar di tempat,0.25,T-shirt,1200257864856864038	,TikTok,,Unchecked,,,Product cards,
584564611387196918	,Dibatalkan,Dibatalkan,Cancel,Normal,1730531507572999661	,TS-PISLEN-M,TM420 Peace Lennon T-Shirt (Cotton Combed 24s Bahan Kain Tebal Original John),M,1,1,185000,185000,12594,27580,144826,0,38000,0,38000,0,0,144826,,1400,1462,0,0,147688,17/06/2026 00:09:23	,"	","	","	","	",17/06/2026 07:53:12	,User,Perlu mengubah metode pembayaran,Fulfillment by seller,TM420 Warehouse,,Hemat,,,s***ppong_,V**********,(+62)821******68,"	",Indonesia,Sumatera Utara,Kab. Karo,*********,**********,******************************************************,,Bayar di tempat,0.25,T-shirt,1200255958660908534	,TikTok,,Unchecked,,,Product cards,
584564534360245861	,Selesai,Selesai,,Normal,1735133582309164525	,TS-LEGALIZERINGER-M,TM420 Legalize Green Ringer T-Shirt (Cotton Combed 24s),M,1,0,200000,200000,0,33580,166420,10500,10500,0,0,0,0,,,1000,1779,0,0,179699,17/06/2026 00:01:20	,19/06/2026 20:45:55	,17/06/2026 13:13:18	,17/06/2026 20:28:08	,19/06/2026 20:45:55	,"	",,,Fulfillment by seller,TM420 Warehouse,JX9713322520,Pengiriman besok sampai,J&T Express,,v***emortts_,y****,(+62)819******73,"	",Indonesia,DKI Jakarta,Kota Administrasi Jakarta Timur,********,****,********************,**************************************,Bayar di tempat,0.25,T-shirt,1200255365545428581	,TikTok,,Unchecked,,,Videos,
584564424326546672	,Selesai,Selesai,,Normal,1730787270099437037	,BUCK-WEEDPATTERN,TM420 Weed Pattern Bucket Hat,Default,1,0,111420,111420,0,0,111420,0,19000,0,19000,0,0,,,1100,1125,0,0,113645,16/06/2026 23:47:09	,19/06/2026 09:29:20	,17/06/2026 13:13:19	,17/06/2026 20:28:08	,19/06/2026 09:29:20	,"	",,,Fulfillment by seller,TM420 Warehouse,JX9716402520,Pengiriman standar,J&T Express,,z***aa0001,u**** j,(+62)851******51,"	",Indonesia,Jawa Tengah,Kota Salatiga,********,************,**********************************************************************,***********************************,Bayar di tempat,0.25,Topi,1200254755382789360	,TikTok,,Unchecked,,,Product cards,
584563922544002072	,Selesai,Selesai,,Normal,1730936507432469997	,WATCH-CANVAS-BLACK,TM420 Canvas Watch - Jam Tangan Arloji - Wrislet Watches Waterproof With Date,Black,1,0,279000,279000,3137,0,275863,0,12000,0,12000,0,0,,,2200,2781,0,0,280844,16/06/2026 22:59:19	,19/06/2026 17:06:35	,17/06/2026 13:13:19	,17/06/2026 20:28:08	,19/06/2026 17:06:35	,"	",,,Fulfillment by seller,TM420 Warehouse,JX9717115721,Pengiriman standar,J&T Express,,e***aragesukabumi,A*** a*****,(+62)819******30,"	",Indonesia,Jawa Barat,Kab. Sukabumi,************,********,*********,*********************************************,Bayar di tempat,0.5,Jam Tangan Pria,1200252809576547352	,TikTok,,Unchecked,,,Videos,
584562419155502206	,Selesai,Selesai,,Normal,1734102016797869549	,TS-PEACEH-L,TM420 Peace Over Panic T-Shirt (Cotton Combed 24s),L,1,0,200000,200000,0,42580,157420,0,29500,0,29500,0,0,,,1000,1584,0,0,160004,16/06/2026 21:21:48	,24/06/2026 07:58:50	,17/06/2026 13:13:10	,17/06/2026 20:28:08	,24/06/2026 07:58:50	,"	",,,Fulfillment by seller,TM420 Warehouse,JX9713895920,Hemat,J&T Express,,h***i.marpaung,H**** M*******,(+62)133*****59,"	",Indonesia,Sumatera Utara,Kab. Deli Serdang,*******,********,********************,*****************************************,Bayar di tempat,0.25,T-shirt,1200246391802987646	,TikTok,,Unchecked,,,Product cards,
584562375336363099	,Dibatalkan,Dibatalkan,Cancel,Normal,1731791699398919661	,HOOD-TEACHPEACE-S,TM420 Teach Peace Hoodie (Cotton Fleece 280gsm Sweater),S,1,1,345000,345000,10000,11580,323420,88000,158000,0,70000,0,0,323420,,3200,4146,0,0,418766,16/06/2026 21:17:43	,"	","	","	","	",16/06/2026 21:28:13	,User,Tidak perlu lagi,Fulfillment by seller,TM420 Warehouse,,Hemat,,,g***nd_,m*************,(+62)822******43,"	",Indonesia,Maluku Utara,Kab. Pulau Morotai,***************,******,*************************,**********,Bayar di tempat,0.6,Hoodie & Jumper,1200245608680359003	,TikTok,,Unchecked,,,Product cards,
584562121762637600	,Selesai,Selesai,,Normal,1730936507432469997	,WATCH-CANVAS-BLACK,TM420 Canvas Watch - Jam Tangan Arloji - Wrislet Watches Waterproof With Date,Black,1,0,279000,279000,15000,0,264000,0,7500,0,7500,0,0,,,2100,2661,0,0,268761,16/06/2026 21:02:35	,18/06/2026 17:32:32	,17/06/2026 13:13:10	,17/06/2026 20:28:08	,18/06/2026 17:32:32	,"	",,,Fulfillment by seller,TM420 Warehouse,JX9711075021,Pengiriman besok sampai,J&T Express,,h***bur6er,i****,(+62)857******97,"	",Indonesia,Jawa Barat,Kota Bandung,********,***********,*******************************************,,Bayar di tempat,0.5,Jam Tangan Pria,1200244378287048480	,TikTok,,Unchecked,,,Product cards,
584561254520686006	,Selesai,Selesai,,Normal,1731791699399050733	,HOOD-TEACHPEACE-L,TM420 Teach Peace Hoodie (Cotton Fleece 280gsm Sweater),L,1,0,345000,345000,10000,11580,323420,0,11000,0,11000,0,0,,,2500,3259,0,0,329179,16/06/2026 20:12:18	,18/06/2026 17:43:03	,17/06/2026 13:13:10	,17/06/2026 20:28:08	,18/06/2026 17:43:03	,"	",,,Fulfillment by seller,TM420 Warehouse,JX9717735320,Pengiriman besok sampai,J&T Express,,i***stdz,i*** s******,(+62)085*******52,"	",Indonesia,Jawa Barat,Kab. Bekasi,**************,*************,*********************************************,*************,Bayar di tempat,0.6,Hoodie & Jumper,1200240496095954358	,TikTok,,Unchecked,,,Product cards,
584561186993177873	,Selesai,Selesai,,Normal,1730790205359621613	,TSTD-RELAX-XL,TM420 Relax Washed T-Shirt (Cotton Combed 24s Bahan Kaos Tebal Washing TieDye),XL,1,0,185000,185000,20594,27580,136826,0,12000,0,12000,0,0,,,1300,,0,0,138126,16/06/2026 20:10:02	,16/06/2026 20:11:39	,17/06/2026 13:13:10	,17/06/2026 20:28:08	,19/06/2026 09:31:44	,"	",,,Fulfillment by seller,TM420 Warehouse,JX9713075621,Pengiriman standar,J&T Express,,a***anders4.20,M******* A*****,(+62)821******34,"	",Indonesia,Banten,Cilegon,*********,**************,*****************************,***************************,QRIS,0.25,T-shirt,1200240489966568721	,TikTok,,Unchecked,,,Product cards,
584559613472507478	,Selesai,Selesai,,Normal,1731418000041608685	,TS-HIGHCULT-M,TM420 High Culture T-Shirt (Cotton Combed 24s Bahan Kaos Tebal),M,1,0,175000,175000,0,17580,157420,6500,41500,0,35000,0,0,,,1000,1649,0,0,166569,16/06/2026 18:28:03	,23/06/2026 10:16:31	,16/06/2026 18:36:09	,16/06/2026 20:15:38	,23/06/2026 10:16:31	,"	",,,Fulfillment by seller,TM420 Warehouse,JX9708731248,Hemat,J&T Express,,m***elinopurba_,m*************,(+62)081*******43,"	",Indonesia,Sumatera Utara,Kab. Dairi,**********,******,***************,**************************,Bayar di tempat,0.25,T-shirt,1200231672293787222	,TikTok,,Unchecked,,,Product cards,
584558031743518281	,Selesai,Selesai,,Normal,1731641808855008749	,TS-GOODNATURE-M,TM420 Nature Is Good T-Shirt (Cotton Combed 24s Kaos Bahan Kain Tebal),M,1,0,175000,175000,0,17580,157420,0,41000,0,41000,0,0,,,1000,1584,0,0,160004,16/06/2026 16:41:31	,26/06/2026 09:06:46	,16/06/2026 17:34:40	,16/06/2026 20:15:37	,26/06/2026 09:06:46	,"	",,,Fulfillment by seller,TM420 Warehouse,JX9709307631,Hemat,J&T Express,,a***dnabilwijaya77,A**** N**** W*****,(+62)815******07,"	",Indonesia,Sulawesi Selatan,Enrekang,****,***********,***************************,****************,Bayar di tempat,0.25,T-shirt,1200222844039366217	,TikTok,,Unchecked,,,Product cards,
584558028675581513	,Selesai,Selesai,,Normal,1730929170101208557	,TRUCK-GREEN,TM420 Trucker Hat Green Peace,Default,1,0,113420,113420,3640,0,109780,15500,55500,0,40000,0,0,,,1200,1265,0,0,127745,16/06/2026 16:39:47	,21/06/2026 10:15:00	,16/06/2026 17:34:40	,16/06/2026 20:15:37	,21/06/2026 10:15:00	,"	",,,Fulfillment by seller,TM420 Warehouse,JX9709067331,Pengiriman standar,J&T Express,,a***dnabilwijaya77,A**** N**** W*****,(+62)815******07,"	",Indonesia,Sulawesi Selatan,Enrekang,****,***********,***************************,****************,Bayar di tempat,0.25,Topi,1200222156715951689	,TikTok,,Unchecked,,,Product cards,
584557249048249771	,Dibatalkan,Dibatalkan,Cancel,Normal,1730936507432469997	,WATCH-CANVAS-BLACK,TM420 Canvas Watch - Jam Tangan Arloji - Wrislet Watches Waterproof With Date,Black,1,1,279000,279000,0,0,279000,0,63000,0,63000,0,0,279000,,0,2790,0,0,281790,16/06/2026 15:27:50	,"	",16/06/2026 16:12:51	,16/06/2026 20:15:38	,"	",26/06/2026 09:41:25	,System,Pengiriman paket gagal,Fulfillment by seller,TM420 Warehouse,JX9706576031,Hemat,J&T Express,,w***iii.14,W**** r****,(+62)082*******36,"	",Indonesia,Maluku Utara,Ternate,***************,******************,*****************************************************,,Bayar di tempat,0.5,Jam Tangan Pria,1200214235432650155	,TikTok,,Unchecked,,,Videos,
584555517729211674	,Selesai,Selesai,,Normal,1731418073856771565	,TS-WILDFIRE-M,TM420 Wildfire T-Shirt (Cotton Combed 24s),M,1,0,185000,185000,12594,27580,144826,0,24000,0,24000,0,0,,,1400,,0,0,146226,16/06/2026 13:20:29	,16/06/2026 13:20:55	,16/06/2026 13:33:23	,16/06/2026 20:15:38	,20/06/2026 17:11:53	,"	",,,Fulfillment by seller,TM420 Warehouse,JX9702460926,Hemat,J&T Express,,a***aapaala,f***,(+62)822******54,"	",Indonesia,Riau,Pekanbaru,**************,***************,**************,************************************,QRIS,0.25,T-shirt,1200198326470083866	,TikTok,,Unchecked,,,Videos,
584555493095408963	,Dibatalkan,Dibatalkan,Cancel,Normal,1730796413820700141	,TS-PUCUK-M,TM420 The Pucuk T-Shirt (Cotton Combed 30s Kaos Daun Natural),M,1,1,185000,185000,7871,27580,149549,20000,75000,0,55000,0,0,149549,,1000,1705,0,0,172254,16/06/2026 13:18:57	,"	",16/06/2026 13:33:23	,16/06/2026 20:15:38	,"	",25/06/2026 17:16:38	,System,Pengiriman paket gagal,Fulfillment by seller,TM420 Warehouse,JX9705340726,Hemat,J&T Express,,u***3171790590372,u****************,(+62)813******95,"	",Indonesia,Maluku,Kota Ambon,*******,*********************,***************************************************************,,Bayar di tempat,0.25,T-shirt,1200199119203304771	,TikTok,,Unchecked,,,Product cards,
584555367978796355	,Dibatalkan,Dibatalkan,Cancel,Normal,1731545520556180973	,TS-PEACEPATTERN-S,TM420 Peace Pattern (Cotton Combed 24s Bahan Kain Tebal Peace of Mind),S,1,1,190000,190000,12594,32580,144826,20000,75000,0,55000,0,0,144826,,1000,1658,0,0,167484,16/06/2026 13:11:43	,"	",16/06/2026 13:33:23	,16/06/2026 20:15:37	,"	",25/06/2026 17:06:49	,System,Pengiriman paket gagal,Fulfillment by seller,TM420 Warehouse,JX9706732427,Hemat,J&T Express,,u***3171790590372,u****************,(+62)813******95,"	",Indonesia,Maluku,Kota Ambon,*******,*********************,***************************************************************,,Bayar di tempat,0.25,T-shirt,1200197442334197059	,TikTok,,Unchecked,,,Product cards,
584554262626600223	,Dibatalkan,Dibatalkan,Cancel,Normal,1730936507432469997	,WATCH-CANVAS-BLACK,TM420 Canvas Watch - Jam Tangan Arloji - Wrislet Watches Waterproof With Date,Black,1,1,279000,279000,0,0,279000,59500,99500,0,40000,0,0,279000,,0,3385,0,0,341885,16/06/2026 11:58:28	,"	","	","	","	",16/06/2026 11:58:57	,User,Tidak perlu lagi,Fulfillment by seller,TM420 Warehouse,,Pengiriman standar,,,b***na,S****** m********,(+62)081*******27,"	",Indonesia,Papua,Kota Jayapura,*******,*********,**********,******************************,Bayar di tempat,0.5,Jam Tangan Pria,1200188972736546079	,TikTok,,Unchecked,,,Videos,user103240543
584550810059769236	,Dibatalkan,Dibatalkan,Cancel,Normal,1732388407582229997	,BUCKET-CORD-CREAMY,TM420 Corduroy Bucket Hat,Creamy,1,1,155000,155000,0,66580,88420,12000,12000,0,0,0,0,88420,,0,1064,0,6000,107484,16/06/2026 07:21:19	,"	",16/06/2026 09:59:22	,16/06/2026 20:15:37	,"	",30/06/2026 09:46:17	,System,Pengiriman paket gagal,Fulfillment by seller,TM420 Warehouse,JX9708251004,Pengiriman besok sampai,J&T Express,,d***avaniahartant6,S*** n** a*****,(+62)878*****30,"	",Indonesia,West Java,Bekasi Regency,***********,**********,***********,***********************************************************************************************,Bayar di tempat,0.2,Topi,1200156630794798484	,TikTok,,Unchecked,,,Videos,ruderideroots
584550305575896310	,Dibatalkan,Dibatalkan,Cancel,Normal,1730936748591187437	,TS-DOODLE-M,TM420 The Doodle T-Shirt (Cotton Combed 24s Bahan Kain Tebal),M,1,1,185000,185000,12594,27580,144826,0,30500,0,30500,0,0,144826,,1357,1462,0,0,147645,16/06/2026 06:33:39	,"	",16/06/2026 09:59:22	,16/06/2026 20:15:38	,"	",27/06/2026 10:28:48	,System,Pengiriman paket gagal,Fulfillment by seller,TM420 Warehouse,JX9706111804,Hemat,J&T Express,,p***purba,p***,(+62)822******28,"	",Indonesia,Riau,Kab. Rokan Hilir,**************,**********,*********************,******************************,Bayar di tempat,0.25,T-shirt,1200153996860884214	,TikTok,,Unchecked,,,Product cards,
584549750468478110	,Selesai,Selesai,,Normal,1733635458330887661	,,VOOJAH Stoner Longsleeve (Cotton Combed 24s),M,1,0,210000,210000,13554,40580,155866,0,12000,0,12000,0,0,,,1000,4706,0,0,161572,16/06/2026 05:05:07	,20/06/2026 13:43:22	,16/06/2026 13:34:10	,16/06/2026 20:15:37	,20/06/2026 13:43:22	,"	",,,Fulfillment by seller,TM420 Warehouse,JX9703180327,Pengiriman standar,J&T Express,,c***_23,C**** H********,(+62)821******06,"	",Indonesia,Kalimantan Barat,Kota Pontianak,***************,*************,*************,*******************************************************************,Bayar di tempat,0.3,T-shirt,1200150048062997662	,TikTok,,Unchecked,,,Product cards,
584549484441142494	,Dibatalkan,Dibatalkan,Cancel,Normal,1733365746919376365	,REED-RELAXTONIGHT,TM420 Reed Diffuser For Relaxing Room - Enjoy Today & Relax Tonight Aroma - Pengharum Ruangan Aromaterapi Menenangkan,Relax Tonight,1,1,150000,150000,0,0,150000,9000,9000,0,0,0,0,150000,,0,1602,0,1215,161817,16/06/2026 03:53:09	,"	",16/06/2026 09:59:23	,16/06/2026 20:15:37	,"	",20/06/2026 18:05:19	,System,Pengiriman paket gagal,Fulfillment by seller,TM420 Warehouse,JX9701211804,Pengiriman standar,J&T Express,,k***zzahradamayan,A**** R***** E******,(+62)812******86,"	",Indonesia,West Java,Tasikmalaya City,******,**********,**************************************************************************************************************************************************,,Bayar di tempat,0.5,Minyak esensial,1200148111500674270	,TikTok,,Unchecked,,,Product cards,
584548721013065431	,Selesai,Selesai,,Normal,1730936507432404461	,WATCH-CANVAS-GREEN,TM420 Canvas Watch - Jam Tangan Arloji - Wrislet Watches Waterproof With Date,Green,1,0,279000,279000,0,0,279000,0,17000,0,17000,0,0,,,2200,,0,0,281200,16/06/2026 00:42:59	,16/06/2026 00:43:57	,16/06/2026 09:59:20	,16/06/2026 20:15:37	,18/06/2026 15:49:15	,"	",,,Fulfillment by seller,TM420 Warehouse,JX9690689094,Hemat,J&T Express,,m***im0,A**** M*******,(+62)853******88,"	",Indonesia,Sumatera Selatan,Kota Palembang,****,****,***********************************,**********************************************************************************,DANA,0.5,Jam Tangan Pria,1200142991396210391	,TikTok,,Unchecked,,,Product cards,
584547507246041050	,Selesai,Selesai,,Normal,1731718934578628077	,TS-TIEMUSHROOM-M,TM420 Mushroom Tie-Dye T-Shirt (Cotton Combed 24s),M,1,0,185000,185000,14000,18580,152420,0,10500,0,10500,0,0,,2286,1000,,0,0,151134,15/06/2026 22:35:22	,15/06/2026 22:35:26	,16/06/2026 09:59:20	,16/06/2026 20:15:37	,17/06/2026 14:51:39	,"	",,,Fulfillment by seller,TM420 Warehouse,JX9696369394,Pengiriman besok sampai,J&T Express,,c***aroy.sombrero,A***,(+62)895******00,"	",Indonesia,DKI Jakarta,Kota Administrasi Jakarta Timur,**********,*******,*******************************,*******,PayLater,0.25,T-shirt,1200136704512002010	,TikTok,,Unchecked,,,Product cards,
584546112329320219	,Selesai,Selesai,,Normal,1731544727697917421	,TS-JAMAICA-L,TM420 Jamaica T-Shirt (Cotton Combed 24s Kaos Tebal Jamaika),L,1,0,175000,175000,0,17580,157420,0,44000,0,44000,0,0,,,1000,1584,0,0,160004,15/06/2026 21:03:33	,23/06/2026 17:49:38	,16/06/2026 09:59:20	,16/06/2026 20:15:38	,23/06/2026 17:49:38	,"	",,,Fulfillment by seller,TM420 Warehouse,JX9695529294,Hemat,J&T Express,,a***e.r_,H****** f**********,(+62)822******11,"	",Indonesia,Aceh,Kota Subulussalam,************,************,***********************,,Bayar di tempat,0.25,T-shirt,1200129549003360027	,TikTok,,Unchecked,,,Videos,tm420.official
584545912483907035	,Selesai,Selesai,,Normal,1730830106481493485	,PLC-PEACE-MATCHA,TM420 Peace Polocap Baseball Cap/Hat/Topi Original,Green,1,0,111420,111420,1976,0,109444,0,30500,0,30500,0,0,,,1600,1110,0,0,112154,15/06/2026 20:53:59	,18/06/2026 21:58:06	,16/06/2026 09:59:19	,16/06/2026 20:15:38	,18/06/2026 21:58:06	,"	",,,Fulfillment by seller,TM420 Warehouse,JX9693509494,Hemat,J&T Express,,d***irani1,A***** A**** P****,(+62)852******92,"	",Indonesia,Lampung,Way Kanan,***************,***********,************************************,************************************************,Bayar di tempat,0.15,Topi,1200129115996390875	,TikTok,,Unchecked,,,Product cards,
584542474724672771	,Selesai,Selesai,,Normal,1731791699399116269	,HOOD-TEACHPEACE-XL,TM420 Teach Peace Hoodie (Cotton Fleece 280gsm Sweater),XL,1,0,345000,345000,46679,11580,286741,0,34500,0,34500,0,0,,,2200,2889,0,0,291830,15/06/2026 16:54:15	,17/06/2026 13:05:31	,15/06/2026 17:04:32	,15/06/2026 20:31:42	,17/06/2026 13:05:31	,"	",,,Fulfillment by seller,TM420 Warehouse,JX9696797358,Pengiriman standar,J&T Express,,k***ntriaa,k**** T** a*****,(+62)085*******90,"	",Indonesia,Jawa Timur,Kab. Malang,********,*********,********************************,**********************,Bayar di tempat,0.6,Hoodie & Jumper,1200106213590664451	,TikTok,,Unchecked,,,Product cards,
584542361687328470	,Selesai,Selesai,,Normal,1730791820884739565	,TS-420GRASS-S,TM420 420 Grass T-Shirt (Cotton Combed 24s Bahan Kaos Tebal),S,1,0,185000,185000,14000,27580,143420,0,17000,0,17000,0,0,,,1400,1448,0,0,146268,15/06/2026 16:41:12	,18/06/2026 11:22:06	,15/06/2026 17:04:32	,15/06/2026 20:31:42	,18/06/2026 11:22:06	,"	",,,Fulfillment by seller,TM420 Warehouse,JX9691757558,Hemat,J&T Express,,n***puja,p*****,(+62)831******16,"	",Indonesia,Sumatera Selatan,Kota Palembang,***************,******,***************,*******************************************************************************************,Bayar di tempat,0.25,T-shirt,1200106251617339094	,TikTok,,Unchecked,,,Product cards,
584536353591691176	,Selesai,Selesai,,Normal,1735570172753511917	,BEAN-DARKGREEN,TM420 Beanies Collection (Peace Embroidery On Beanie Hat - Topi Kupluk),Dark Green,1,0,99000,99000,385,0,98615,0,5000,0,5000,0,0,,,1400,,0,0,100015,15/06/2026 09:18:57	,15/06/2026 17:09:03	,15/06/2026 17:21:02	,15/06/2026 20:31:41	,17/06/2026 08:46:07	,"	",,,Fulfillment by seller,TM420 Warehouse,JX9691786459,Pengiriman standar,J&T Express,,a***adany29,a****,(+62)085*******51,"	",Indonesia,Jawa Tengah,Batang,*****,*********,*********************************,****************************,QRIS,0.1,Topi,1200108829596551080	,TikTok,,Unchecked,,,Product cards,
584536337869407777	,Selesai,Selesai,,Normal,1735535713856620013	,TSLS-HASHISH-L,TM420 Hashish Long Sleeve T-Shirt (Cotton Combed 24s),L,2,0,275000,550000,29187,185160,335653,0,5000,0,5000,0,0,,,2600,1000,0,0,339253,15/06/2026 09:16:26	,15/06/2026 09:16:56	,15/06/2026 15:36:41	,15/06/2026 20:31:42	,17/06/2026 13:40:35	,"	",,,Fulfillment by seller,TM420 Warehouse,JX9697041550,Pengiriman standar,J&T Express,,s***k_909,m****,(+62)831******13,"	",Indonesia,Jawa Timur,Kab. Malang,********,********,******************,****************************************************************************,Transfer bank,0.5,T-shirt,1200047614169089569	,TikTok,,Unchecked,,,Videos,
584536038182782596	,Selesai,Selesai,,Normal,1730926901301839341	,SNAP-HIGH-GREEN,TM420 High Snapback Original,Green,1,0,123420,123420,0,0,123420,2000,47000,0,45000,0,0,,,1200,1266,0,0,127886,15/06/2026 08:55:53	,28/06/2026 18:15:25	,15/06/2026 15:36:41	,15/06/2026 20:31:42	,28/06/2026 18:15:25	,"	",,,Fulfillment by seller,TM420 Warehouse,JX9690332855,Hemat,J&T Express,,k***kapalanxiety_0,L**** S*****,(+62)081*******16,"	",Indonesia,Nusa Tenggara Timur,Kota Kupang,***********,***********,***************************,,Bayar di tempat,0.25,Topi,1200045221954553476	,TikTok,,Unchecked,,,Product cards,
584533793459439526	,Selesai,Selesai,,Normal,1729590935817914861	,TS-ORNAMENT-L,TM420 Ornamentation T-Shirt (Cotton Combed 24s Bahan Kain Tebal Original),L,1,0,133420,133420,40026,0,93394,0,12000,0,12000,0,0,,,1400,948,0,0,95742,15/06/2026 03:56:29	,17/06/2026 18:32:39	,15/06/2026 06:54:56	,15/06/2026 20:31:42	,17/06/2026 18:32:39	,"	",,,Fulfillment by seller,TM420 Warehouse,JX9689614960,Pengiriman besok sampai,J&T Express,,d***lam.merpubi,D****** M******,(+62)831******61,"	",Indonesia,Jawa Barat,Kab. Subang,******,***********,***************************************,*********************************,Bayar di tempat,0.25,T-shirt,1200019545433081766	,TikTok,,Unchecked,,,Product cards,
584533428159087964	,Selesai,Selesai,,Normal,1730946080783238637	,TS-HOLLYWEED-S,TM420 Hollyweed T-Shirt (Cotton Combed 24s Bahan Kain Tebal Cheech And Chong),S,1,0,133420,133420,10874,0,122546,0,45000,0,45000,0,0,,,1200,1237,0,0,124983,15/06/2026 02:04:20	,18/06/2026 17:55:49	,15/06/2026 06:54:54	,15/06/2026 20:31:42	,18/06/2026 17:55:49	,"	",,,Fulfillment by seller,TM420 Warehouse,JX9685714560,Pengiriman standar,J&T Express,,m***nyameisya6,N**** D** D****,(+62)853******11,"	",Indonesia,Kepulauan Bangka Belitung,Bangka Tengah,************,********,*************************************,***************************************************************************************************,Bayar di tempat,0.25,T-shirt,1200017135009432924	,TikTok,,Unchecked,,,Product cards,
584526013271475580	,Selesai,Selesai,,Normal,1735928569092539885	,TRUCKER-STAYHIGH,TM420 Stay High Trucker Hat Cap - Green Black White - Premium,Default,1,0,165000,165000,10674,31580,122746,0,11000,0,11000,0,0,,,1200,,0,0,123946,14/06/2026 16:22:19	,14/06/2026 16:23:41	,15/06/2026 06:54:54	,15/06/2026 20:32:40	,16/06/2026 15:42:32	,"	",,,Fulfillment by seller,TM420 Warehouse,JX9682774960,Pengiriman besok sampai,J&T Express,,i***mscreamer,i************,(+62)856******68,"	",Indonesia,Jawa Barat,Kab. Bogor,*************,*****,*************************************************************************,,QRIS,0.25,Topi Olahraga & Outdoor,1199980379127580028	,TikTok,,Unchecked,,,Product cards,
584526017322714266	,Selesai,Selesai,,Normal,1731718934578628077	,TS-TIEMUSHROOM-M,TM420 Mushroom Tie-Dye T-Shirt (Cotton Combed 24s),M,1,0,185000,185000,0,18580,166420,0,12000,0,12000,0,0,,,1000,,0,0,167420,14/06/2026 16:15:38	,14/06/2026 16:16:08	,15/06/2026 06:54:54	,15/06/2026 20:31:41	,17/06/2026 09:13:38	,"	",,,Fulfillment by seller,TM420 Warehouse,JX9685754560,Pengiriman besok sampai,J&T Express,,p***goreng23,m****** a****,(+62)813*****97,"	",Indonesia,Jawa Barat,Kab. Sumedang,**********,**********,****************************,************,TikTok Shop Balance + QRIS,0.25,T-shirt,1199979414569583770	,TikTok,,Unchecked,,,Product cards,
584524731561772987	,Selesai,Selesai,,Normal,1735928569092539885	,TRUCKER-STAYHIGH,TM420 Stay High Trucker Hat Cap - Green Black White - Premium,Default,1,0,165000,165000,0,31580,133420,0,34500,0,34500,0,0,,,1300,1422,0,7500,143642,14/06/2026 14:47:37	,17/06/2026 13:33:25	,15/06/2026 06:54:54	,15/06/2026 20:32:40	,17/06/2026 13:33:25	,"	",,,Fulfillment by seller,TM420 Warehouse,JX9685734560,Pengiriman standar,J&T Express,,s***nton21,s** a****,(+62)821******07,"	",Indonesia,Jawa Timur,Batu,****,*******,***********************************************************************,,Bayar di tempat,0.25,Topi Olahraga & Outdoor,1199970582436218811	,TikTok,,Unchecked,,,Product cards,
584518312127333980	,Selesai,Selesai,,Normal,1735133582309361133	,TS-LEGALIZERINGER-XXL,TM420 Legalize Green Ringer T-Shirt (Cotton Combed 24s),XXL,1,0,200000,200000,0,33580,166420,0,10500,0,10500,0,0,,42000,0,,0,0,124420,14/06/2026 06:48:11	,14/06/2026 06:48:24	,14/06/2026 13:24:59	,15/06/2026 20:32:40	,16/06/2026 15:22:03	,"	",,,Fulfillment by seller,TM420 Warehouse,JX9680454623,Pengiriman besok sampai,J&T Express,,b***sbunny68,s********,(+62)882******89,"	",Indonesia,DKI Jakarta,Kota Administrasi Jakarta Utara,**********,****************,*********************************,*************************************************************************,PayLater,0.25,T-shirt,1199926103540794972	,TikTok,,Unchecked,,,Product cards,
584516025880250103	,Selesai,Selesai,,Normal,1731718934578628077	,TS-TIEMUSHROOM-M,TM420 Mushroom Tie-Dye T-Shirt (Cotton Combed 24s),M,1,0,185000,185000,0,18580,166420,0,3500,0,3500,0,0,,,1000,1674,0,0,169094,13/06/2026 23:28:27	,17/06/2026 17:10:14	,14/06/2026 13:24:59	,15/06/2026 20:31:42	,17/06/2026 17:10:14	,"	",,,Fulfillment by seller,TM420 Warehouse,JX9680174723,Pengiriman standar,J&T Express,,c***a_fn,J* t****** a*** k****** p****,(+62)821******64,"	",Indonesia,Banten,Kota Serang,************,************,*************************,*************,Bayar di tempat,0.25,T-shirt,1199913265579067127	,TikTok,,Unchecked,,,LIVE,ruderideroots
584514637130401580	,Selesai,Selesai,,Normal,1730796413820634605	,TS-PUCUK-S,TM420 The Pucuk T-Shirt (Cotton Combed 30s Kaos Daun Natural),S,1,0,185000,185000,17900,27580,139520,0,12000,0,12000,0,0,,,1300,1408,0,0,142228,13/06/2026 21:42:02	,17/06/2026 08:41:48	,14/06/2026 13:24:59	,15/06/2026 20:31:42	,17/06/2026 08:41:48	,"	",,,Fulfillment by seller,TM420 Warehouse,JX9681102022,Pengiriman standar,J&T Express,,s***4298,U****,(+62)085*******58,"	",Indonesia,Jawa Barat,Tasikmalaya,******,************,*******************************,******************************************************,Bayar di tempat,0.25,T-shirt,1199908366234584876	,TikTok,,Unchecked,,,Product cards,
584509450057385526	,Selesai,Selesai,,Normal,1730936748591252973	,TS-DOODLE-L,TM420 The Doodle T-Shirt (Cotton Combed 24s Bahan Kain Tebal),L,1,0,185000,185000,6562,27580,150858,33000,123000,0,90000,0,0,,,1148,4963,0,0,501303,13/06/2026 15:38:21	,20/06/2026 12:16:14	,13/06/2026 16:42:50	,13/06/2026 20:29:14	,20/06/2026 12:16:14	,"	",,,Fulfillment by seller,TM420 Warehouse,JX9674939474,Pengiriman standar,J&T Express,,n***ani04,i** h****,(+62)813******77,"	",Indonesia,Maluku Utara,Kab. Halmahera Barat,*******,*********************,***************************************************************************,,Bayar di tempat,0.25,T-shirt,1199876551106528822	,TikTok,,Unchecked,,,Product cards,
584509450057385526	,Selesai,Selesai,,Normal,1731727577378031085	,TSLESS-SHINCHAN-L,TM420 Shinchan ACAB T-Shirt (Cotton Combed 24s Crayon Sinchan Kaos Tebal Sincan 1312),L,1,0,165000,165000,6877,0,158123,33000,123000,0,90000,0,0,,,1204,4963,0,0,501303,13/06/2026 15:38:21	,20/06/2026 12:16:14	,13/06/2026 16:42:50	,13/06/2026 20:29:14	,20/06/2026 12:16:14	,"	",,,Fulfillment by seller,TM420 Warehouse,JX9674939474,Pengiriman standar,J&T Express,,n***ani04,i** h****,(+62)813******77,"	",Indonesia,Maluku Utara,Kab. Halmahera Barat,*******,*********************,***************************************************************************,,Bayar di tempat,0.25,T-shirt,1199876551106528822	,TikTok,,Unchecked,,,Product cards,
584509450057385526	,Selesai,Selesai,,Normal,1730936568712693229	,TS-HPKT-L,TM420 Happiness Kit Smile T-Shirt (Cotton Combed 24s Bahan Kain Kaos Tebal Senyum),L,1,0,185000,185000,6561,27580,150859,33000,123000,0,90000,0,0,,,1148,4963,0,0,501303,13/06/2026 15:38:21	,20/06/2026 12:16:14	,13/06/2026 16:42:50	,13/06/2026 20:29:14	,20/06/2026 12:16:14	,"	",,,Fulfillment by seller,TM420 Warehouse,JX9674939474,Pengiriman standar,J&T Express,,n***ani04,i** h****,(+62)813******77,"	",Indonesia,Maluku Utara,Kab. Halmahera Barat,*******,*********************,***************************************************************************,,Bayar di tempat,0.25,T-shirt,1199876551106528822	,TikTok,,Unchecked,,,Product cards,
584508636968355372	,Selesai,Selesai,,Normal,1731418000041739757	,TS-HIGHCULT-XL,TM420 High Culture T-Shirt (Cotton Combed 24s Bahan Kaos Tebal),XL,1,0,175000,175000,0,33000,142000,0,10500,0,10500,0,0,,,1400,1000,0,0,144400,13/06/2026 14:42:53	,13/06/2026 14:43:15	,13/06/2026 16:42:50	,13/06/2026 20:29:14	,14/06/2026 15:50:37	,"	",,,Fulfillment by seller,TM420 Warehouse,JX9670879774,Pengiriman besok sampai,J&T Express,,r***ipriadiono,R****,(+62)878******33,"	",Indonesia,DKI Jakarta,Jakarta Selatan,*****,***************************,***************************************************************************,,Transfer bank,0.25,T-shirt,1199870463333926444	,TikTok,,Unchecked,,,Product cards,
584507825309845434	,Selesai,Selesai,,Normal,1730796413820765677	,TS-PUCUK-L,TM420 The Pucuk T-Shirt (Cotton Combed 30s Kaos Daun Natural),L,1,0,185000,185000,0,27580,157420,0,10500,0,10500,0,0,,,1000,1584,0,0,160004,13/06/2026 13:44:07	,15/06/2026 18:36:33	,13/06/2026 13:56:30	,13/06/2026 20:29:14	,15/06/2026 18:36:33	,"	",,,Fulfillment by seller,TM420 Warehouse,JX9675404263,Pengiriman besok sampai,J&T Express,,o***paria17_,G****** a****,(+62)858******10,"	",Indonesia,DKI Jakarta,Kota Administrasi Jakarta Barat,**********,******************,*******************************,,Bayar di tempat,0.25,T-shirt,1199862490854426554	,TikTok,,Unchecked,,,Videos,
584506724357998042	,Dibatalkan,Dibatalkan,Cancel,Normal,1735536444149302765	,TS-SAYUR-M,TM420 Sayur 4 Sehat 20 Sejahtera Vegetable T-Shirt (Cotton Combed 24s),M,1,1,250000,250000,40000,92580,117420,34000,34000,0,0,0,0,117420,0,0,,1200,9900,162520,13/06/2026 12:28:36	,"	","	","	","	",13/06/2026 12:28:54	,User,Tidak perlu lagi,Fulfillment by seller,TM420 Warehouse,,Hemat,,,N** a*** S***y,I***,(+62)856******52,*****	,Indonesia,Sulawesi Selatan,Kab. Takalar,********,**********,*****************,******,PayLater,0.25,T-shirt,"	",Tokopedia,,,,,Product cards,
584505087645091591	,Selesai,Selesai,,Normal,1729590935817980397	,TS-ORNAMENT-XL,TM420 Ornamentation T-Shirt (Cotton Combed 24s Bahan Kain Tebal Original),XL,1,0,133420,133420,0,0,133420,0,37500,0,37500,0,0,,,1300,1347,0,0,136067,13/06/2026 10:38:32	,16/06/2026 08:21:29	,13/06/2026 12:06:26	,13/06/2026 20:29:14	,16/06/2026 08:21:29	,"	",,,Fulfillment by seller,TM420 Warehouse,JX9672833851,Pengiriman standar,J&T Express,,s***d0510,s****,(+62)812******77,"	",Indonesia,Bali,Kab. Gianyar,****,********,************************************************************,****************,Bayar di tempat,0.25,T-shirt,1199840933336876807	,TikTok,,Unchecked,,,Product cards,
584505100863243583	,Selesai,Selesai,,Normal,1731727577378096621	,TSLESS-SHINCHAN-XL,TM420 Shinchan ACAB T-Shirt (Cotton Combed 24s Crayon Sinchan Kaos Tebal Sincan 1312),XL,1,0,165000,165000,0,0,165000,0,19000,0,19000,0,0,,,1000,1660,0,0,167660,13/06/2026 10:37:18	,15/06/2026 08:47:59	,13/06/2026 12:06:26	,13/06/2026 20:29:14	,15/06/2026 08:47:59	,"	",,,Fulfillment by seller,TM420 Warehouse,JX9676981554,Pengiriman standar,J&T Express,,a***riskiramadhan6,A***,(+62)878******20,"	",Indonesia,Jawa Tengah,Kudus,****,**********,********************************************,*********************************,Bayar di tempat,0.25,T-shirt,1199839998306977087	,TikTok,,Unchecked,,,Videos,
584503886005961910	,Selesai,Selesai,,Normal,1731791699399116269	,HOOD-TEACHPEACE-XL,TM420 Teach Peace Hoodie (Cotton Fleece 280gsm Sweater),XL,1,0,345000,345000,0,11580,333420,0,34000,0,34000,0,0,,,2600,3360,0,0,339380,13/06/2026 09:12:49	,17/06/2026 09:35:32	,13/06/2026 09:29:51	,13/06/2026 20:29:14	,17/06/2026 09:35:32	,"	",,,Fulfillment by seller,TM420 Warehouse,JX9676535334,Hemat,J&T Express,,r***23069,R*** k*****,(+62)812******62,"	",Indonesia,Jambi,Sarolangun,*******,*************,*********************************************,,Bayar di tempat,0.6,Hoodie & Jumper,1199829530193396918	,TikTok,,Unchecked,,,Videos,
584503665860904467	,Selesai,Selesai,,Normal,1730929756737471981	,PLC-PEACE-CREAM,TM420 Peace Polocap Original Creamy Green,Default,1,0,111420,111420,11142,0,100278,0,38000,0,38000,0,0,,,526,,0,0,100804,13/06/2026 08:53:30	,13/06/2026 08:54:21	,13/06/2026 09:29:51	,13/06/2026 20:29:14	,19/06/2026 13:34:40	,"	",,,Fulfillment by seller,TM420 Warehouse,JX9678055835,Hemat,J&T Express,,k***ng_telur11,R**** A*** M******,(+62)853******45,"	",Indonesia,Nusa Tenggara Barat,Kab. Sumbawa Barat,*****,***********,***********,****************************************************************************,QRIS,0.25,Topi,1199826312662124051	,TikTok,,Unchecked,,,Product cards,
584502783136204154	,Selesai,Selesai,,Normal,1731718924607981037	,TSLS-3DICONS-XXL,TM420 Natural 3D Icons Longsleeve T-Shirt (Cotton Combed 24s Kaos Tebal Lengan Panjang),XXL,1,0,210000,210000,12379,37580,160041,0,55500,0,55500,0,0,,,1255,,0,0,308560,13/06/2026 07:34:30	,13/06/2026 07:35:15	,13/06/2026 09:29:51	,13/06/2026 20:29:14	,17/06/2026 10:35:58	,"	",,,Fulfillment by seller,TM420 Warehouse,JX9676595334,Pengiriman standar,J&T Express,,r***iki_,k****,(+62)851******02,"	",Indonesia,Sulawesi Selatan,Kota Palopo,************,*********,*****************************************************************,**************************************,QRIS,0.25,T-shirt,1199816531735512442	,TikTok,,Unchecked,,,Product cards,
584502783136204154	,Selesai,Selesai,,Normal,1731765794459780589	,TS-LISATANI-XXL,TM420 Monalisa Bertani T-Shirt (Cotton Combed 24s Kaos Tebal),XXL,1,0,175000,175000,11301,17580,146119,0,55500,0,55500,0,0,,,1145,,0,0,308560,13/06/2026 07:34:30	,13/06/2026 07:35:15	,13/06/2026 09:29:51	,13/06/2026 20:29:14	,17/06/2026 10:35:58	,"	",,,Fulfillment by seller,TM420 Warehouse,JX9676595334,Pengiriman standar,J&T Express,,r***iki_,k****,(+62)851******02,"	",Indonesia,Sulawesi Selatan,Kota Palopo,************,*********,*****************************************************************,**************************************,QRIS,0.25,T-shirt,1199816531735512442	,TikTok,,Unchecked,,,Product cards,
584501248974161276	,Selesai,Selesai,,Normal,1731418073856837101	,TS-WILDFIRE-L,TM420 Wildfire T-Shirt (Cotton Combed 24s),L,1,0,185000,185000,0,27580,157420,0,11000,0,11000,0,0,,,1000,,0,0,158420,13/06/2026 02:52:23	,13/06/2026 02:52:48	,13/06/2026 09:29:52	,13/06/2026 23:13:02	,14/06/2026 15:19:05	,"	",,,Fulfillment by seller,TM420 Warehouse,JX9673275235,Pengiriman besok sampai,J&T Express,,i***mscreamer,i************,(+62)856******68,"	",Indonesia,Jawa Barat,Kab. Bogor,*************,*****,*************************************************************************,,QRIS,0.25,T-shirt,1199805166310819196	,TikTok,,Unchecked,,,Product cards,
584501007750563109	,Selesai,Selesai,,Normal,1730709037883622893	,DNM-DESTROY-30,TM420 Denim Destroyer - Sky Blue Washed Jeans,30,1,0,320000,320000,45580,85580,188840,0,11000,0,11000,0,0,,,0,1888,0,0,190728,13/06/2026 01:47:55	,14/06/2026 15:38:53	,13/06/2026 09:29:48	,13/06/2026 20:29:14	,14/06/2026 15:38:53	,"	",,,Fulfillment by seller,TM420 Warehouse,JX9676263035,Pengiriman besok sampai,J&T Express,,r***aardana,r**********,(+62)895*******06,"	",Indonesia,Jawa Barat,Kab. Bogor,*********,*********,*****************************************************************,************************,Bayar di tempat,0.1,Jeans,1199803622505547045	,TikTok,,Unchecked,,,Product cards,
584500110429422840	,Selesai,Selesai,,Normal,1731718924607915501	,TSLS-3DICONS-XL,TM420 Natural 3D Icons Longsleeve T-Shirt (Cotton Combed 24s Kaos Tebal Lengan Panjang),XL,1,0,210000,210000,8621,37580,163799,0,14000,0,14000,0,0,,,1000,,0,0,164799,12/06/2026 23:31:28	,12/06/2026 23:32:11	,13/06/2026 09:29:48	,13/06/2026 20:29:14	,14/06/2026 16:49:52	,"	",,,Fulfillment by seller,TM420 Warehouse,JX9676663735,Pengiriman besok sampai,J&T Express,,m***_al135,a****,(+62)823******84,"	",Indonesia,Jawa Barat,Kab. Bogor,********,*************,**************,**************************,QRIS,0.25,T-shirt,1199798787337389304	,TikTok,,Unchecked,,,Product cards,
584499545800738275	,Selesai,Selesai,,Normal,1730929756737471981	,PLC-PEACE-CREAM,TM420 Peace Polocap Original Creamy Green,Default,1,0,111420,111420,0,0,111420,0,16500,0,16500,0,0,,,1100,1125,0,0,113645,12/06/2026 22:45:33	,15/06/2026 14:04:18	,13/06/2026 09:29:48	,13/06/2026 20:29:14	,15/06/2026 14:04:18	,"	",,,Fulfillment by seller,TM420 Warehouse,JX9675763235,Pengiriman standar,J&T Express,,m***reza152,u*****************,(+62)831******58,"	",Indonesia,Banten,Kab. Lebak,*****,*******,********************************,*************************************,Bayar di tempat,0.25,Topi,1199796251085342179	,TikTok,,Unchecked,,,Product cards,
584499507951076835	,Selesai,Selesai,,Normal,1731133280860341741	,TS-HIGHBRAIN-M,TM420 High Brain T-Shirt (Cotton Combed 24s Bahan Kain Teabl),M,1,0,185000,185000,9445,27580,147975,0,16500,0,16500,0,0,,,1400,1494,0,0,150869,12/06/2026 22:45:00	,15/06/2026 14:04:18	,13/06/2026 09:29:48	,13/06/2026 20:29:14	,15/06/2026 14:04:18	,"	",,,Fulfillment by seller,TM420 Warehouse,JX9674755934,Pengiriman standar,J&T Express,,m***reza152,u*****************,(+62)831******58,"	",Indonesia,Banten,Kab. Lebak,*****,*******,********************************,*************************************,Bayar di tempat,0.25,T-shirt,1199796144809346531	,TikTok,,Unchecked,,,Product cards,
584493688228906560	,Selesai,Selesai,,Normal,1734087090948507117	,STICKPACK-LEGALIZE,TM420 Sticker Pack (Stiker),Legalize,2,0,42000,84000,2947,47160,33893,0,13000,0,13000,0,0,,,1000,349,0,0,35242,12/06/2026 15:55:06	,14/06/2026 10:59:36	,12/06/2026 16:25:13	,12/06/2026 20:44:25	,14/06/2026 10:59:36	,"	",,,Fulfillment by seller,TM420 Warehouse,JX9660124980,Pengiriman standar,J&T Express,,c***srebel,c*********,(+62)821******57,"	",Indonesia,Jawa Barat,Kab. Pangandaran,******,*******,*******,*********,Bayar di tempat,0.2,Stiker Dekoratif,1199761791868241472	,TikTok,,Unchecked,,,LIVE,tm420.official
584493688801691017	,Dibatalkan,Dibatalkan,Cancel,Normal,1734087090948441581	,STICKPACK-MEDICATION,TM420 Sticker Pack (Stiker),Medication,1,1,42000,42000,0,23580,18420,5000,35000,0,30000,0,0,18420,,1000,244,0,0,24664,12/06/2026 15:54:16	,"	","	","	","	",12/06/2026 15:55:43	,User,Perlu mengubah metode pembayaran,Fulfillment by seller,TM420 Warehouse,,Hemat,,,p***epapua23,a****************,(+62)822******55,"	",Indonesia,Sulawesi Selatan,Kota Makassar,*************,***********,***************************************,*******************************,Bayar di tempat,0.1,Stiker Dekoratif,1199761779485083017	,TikTok,,Unchecked,,,Product cards,
584493588963493141	,Dikirim,Sedang transit,,Normal,1735570172753315309	,BEAN-SAGE,TM420 Beanies Collection (Peace Embroidery On Beanie Hat - Topi Kupluk),Sage,1,0,99000,99000,0,0,99000,0,45000,0,45000,0,0,,,1400,1004,0,0,101404,12/06/2026 15:50:47	,"	",12/06/2026 15:51:30	,12/06/2026 20:44:25	,"	","	",,,Fulfillment by seller,TM420 Warehouse,JX9665473588,Hemat,J&T Express,,o***coklat,m*****,(+62)822******53,"	",Indonesia,Sulawesi Utara,Kota Manado,********,****,*****************,***********************,Bayar di tempat,0.1,Topi,1199760498507220245	,TikTok,,Unchecked,,,LIVE,tm420.official
584493275723892703	,Selesai,Selesai,,Normal,1734219437351798253	,TS-SOHIGH-M,TM420 Relax and So High Oversize T-Shirt (Cotton Combed 20s - Bahan Kain Tebal OS Boxy),M,1,0,225000,225000,19970,58580,146450,0,7500,0,7500,0,0,,,1400,1478,0,0,149328,12/06/2026 15:29:14	,13/06/2026 08:55:49	,12/06/2026 15:30:21	,12/06/2026 20:44:25	,13/06/2026 08:55:49	,"	",,,Fulfillment by seller,TM420 Warehouse,JX9667272083,Pengiriman besok sampai,J&T Express,,s***rdhana014,s***** r******* w*******,(+62)895******26,"	",Indonesia,West Java,Bandung,*********,**********,****************************************************************,,Bayar di tempat,0.25,T-shirt,1199759336808482783	,TikTok,,Unchecked,,,LIVE,tm420.official
584493296303768864	,Selesai,Selesai,,Normal,1731718923657577965	,TS-RADIOHEAD-XL,TM420 Radiohead T-Shirt (Cotton Combed 24s Kaos Tebal Band),XL,1,0,175000,175000,28223,17580,129197,0,9000,0,9000,0,0,,,1028,1000,0,0,406565,12/06/2026 15:28:12	,12/06/2026 15:30:03	,12/06/2026 15:35:22	,12/06/2026 20:44:25	,13/06/2026 15:14:53	,"	",,,Fulfillment by seller,TM420 Warehouse,JX9667012987,Pengiriman besok sampai,J&T Express,,b***a.koteka,S******** R******,(+62)813******57,"	",Indonesia,Jawa Barat,Kab. Karawang,********,******,*******************************,**************************************************************************************,Transfer bank,0.25,T-shirt,1199759131133773088	,TikTok,,Unchecked,,,LIVE,tm420.official
584493296303768864	,Selesai,Selesai,,Normal,1735132341286831597	,TSOV-BASIC-WHITE-XL,TM420 Basic Oversize T-Shirt With Smile Logo (Kaos Boxy Basic - Cotton Combed 20s),"White, XL",1,0,200000,200000,29836,33580,136584,0,9000,0,9000,0,0,,,1086,1000,0,0,406565,12/06/2026 15:28:12	,12/06/2026 15:30:03	,12/06/2026 15:35:22	,12/06/2026 20:44:25	,13/06/2026 15:14:53	,"	",,,Fulfillment by seller,TM420 Warehouse,JX9667012987,Pengiriman besok sampai,J&T Express,,b***a.koteka,S******** R******,(+62)813******57,"	",Indonesia,Jawa Barat,Kab. Karawang,********,******,*******************************,**************************************************************************************,Transfer bank,0.25,T-shirt,1199759131133773088	,TikTok,,Unchecked,,,LIVE,tm420.official
584493296303768864	,Selesai,Selesai,,Normal,1735132341287159277	,TSOV-BASIC-SAGE-XL,TM420 Basic Oversize T-Shirt With Smile Logo (Kaos Boxy Basic - Cotton Combed 20s),"Sage Green, XL",1,0,200000,200000,29836,33580,136584,0,9000,0,9000,0,0,,,1086,1000,0,0,406565,12/06/2026 15:28:12	,12/06/2026 15:30:03	,12/06/2026 15:35:22	,12/06/2026 20:44:25	,13/06/2026 15:14:53	,"	",,,Fulfillment by seller,TM420 Warehouse,JX9667012987,Pengiriman besok sampai,J&T Express,,b***a.koteka,S******** R******,(+62)813******57,"	",Indonesia,Jawa Barat,Kab. Karawang,********,******,*******************************,**************************************************************************************,Transfer bank,0.25,T-shirt,1199759131133773088	,TikTok,,Unchecked,,,LIVE,tm420.official
584493269933721590	,Selesai,Selesai,,Normal,1734087090948441581	,STICKPACK-MEDICATION,TM420 Sticker Pack (Stiker),Medication,1,0,42000,42000,0,23580,18420,5500,35500,0,30000,0,0,,,1000,249,0,0,25169,12/06/2026 15:25:58	,15/06/2026 08:23:09	,12/06/2026 15:30:21	,12/06/2026 20:44:25	,15/06/2026 08:23:09	,"	",,,Fulfillment by seller,TM420 Warehouse,JX9660372083,Pengiriman standar,J&T Express,,.***mm_,b**** d***,(+62)821******04,"	",Indonesia,Jawa Timur,Kab. Malang,*****,*****,**********************************************************************,*************,Bayar di tempat,0.1,Stiker Dekoratif,1199759795910772726	,TikTok,,Unchecked,,,LIVE,tm420.official
584489099291887546	,Selesai,Selesai,,Normal,1730926901301904877	,SNAP-HIGH-BLACK,TM420 High Snapback Original,Black,1,0,123420,123420,0,0,123420,0,10500,0,10500,0,0,,,1200,1246,0,0,125866,12/06/2026 10:30:24	,14/06/2026 18:37:05	,12/06/2026 11:33:24	,12/06/2026 20:44:25	,14/06/2026 18:37:05	,"	",,,Fulfillment by seller,TM420 Warehouse,JX9667163954,Pengiriman besok sampai,J&T Express,,o***paria17_,G****** a****,(+62)858******10,"	",Indonesia,DKI Jakarta,Kota Administrasi Jakarta Barat,**********,******************,*******************************,,Bayar di tempat,0.25,Topi,1199723442034870202	,TikTok,,Unchecked,,,Videos,
584489060057121970	,Selesai,Selesai,,Normal,1730936507432469997	,WATCH-CANVAS-BLACK,TM420 Canvas Watch - Jam Tangan Arloji - Wrislet Watches Waterproof With Date,Black,1,0,279000,279000,0,0,279000,0,51000,0,51000,0,0,,,2200,2812,0,0,284012,12/06/2026 10:29:56	,22/06/2026 19:37:28	,12/06/2026 11:33:24	,12/06/2026 20:44:25	,22/06/2026 19:37:28	,"	",,,Fulfillment by seller,TM420 Warehouse,JX9663195852,Hemat,J&T Express,,d***hrj,R**** p****,(+62)813******69,"	",Indonesia,Sumatera Utara,Mandailing Natal,***********,************,***************************,,Bayar di tempat,0.5,Jam Tangan Pria,1199722062054261938	,TikTok,,Unchecked,,,Product cards,
584488961893762161	,Selesai,Selesai,,Normal,1730945567628559853	,TS-SUMPEACE-M,TM420 Summer Peace T-Shirt (Cotton Combed 24s Bahan Kain Tebal),M,1,0,185000,185000,7871,27580,149549,0,50000,0,50000,0,0,,,1400,1509,0,0,152458,12/06/2026 10:25:01	,21/06/2026 16:26:26	,12/06/2026 11:33:24	,12/06/2026 20:44:25	,21/06/2026 16:26:26	,"	",,,Fulfillment by seller,TM420 Warehouse,JX9664283954,Hemat,J&T Express,,t***bachtiar,T** B*******,(+62)085*******30,"	",Indonesia,Sulawesi Selatan,Kabupaten Gowa,*********,*********,**********************************************************************,,Bayar di tempat,0.25,T-shirt,1199721971579847793	,TikTok,,Unchecked,,,Product cards,
584487711628494591	,Selesai,Selesai,,Normal,1732388407582361069	,BUCKET-CORD-SAGE,TM420 Corduroy Bucket Hat,Sage,1,0,155000,155000,3537,66580,84883,63000,63000,0,0,0,0,,,1400,1493,0,0,150776,12/06/2026 08:49:44	,15/06/2026 14:14:32	,12/06/2026 11:33:24	,12/06/2026 20:44:25	,15/06/2026 14:14:32	,"	",,,Fulfillment by seller,TM420 Warehouse,JX9667183554,Hemat,J&T Express,,i***l90,m******* l***,(+62)082*******39,"	",Indonesia,Maluku Utara,Ternate,***************,**********,**********************************,*******************,Bayar di tempat,0.2,Topi,1199709786148144895	,TikTok,,Unchecked,,,Product cards,
584487540234094477	,Selesai,Selesai,,Normal,1735535713856554477	,TSLS-HASHISH-M,TM420 Hashish Long Sleeve T-Shirt (Cotton Combed 24s),M,1,0,275000,275000,0,92580,182420,0,11000,0,11000,0,0,,,1000,1834,0,0,185254,12/06/2026 08:34:44	,22/06/2026 08:46:48	,12/06/2026 11:33:21	,12/06/2026 20:44:25	,22/06/2026 08:46:48	,"	",,,Fulfillment by seller,TM420 Warehouse,JX9664183754,Hemat,J&T Express,,m***kabdaziz2,M**** a** a***,(+62)821******26,"	",Indonesia,Sulawesi Selatan,Makassar,*************,*******,*************************,***************************,Bayar di tempat,0.25,T-shirt,1199707380108003213	,TikTok,,Unchecked,,,Videos,
584487190989931898	,Selesai,Selesai,,Normal,1731727577378162157	,TSLESS-SHINCHAN-XXL,TM420 Shinchan ACAB T-Shirt (Cotton Combed 24s Crayon Sinchan Kaos Tebal Sincan 1312),XXL,1,0,165000,165000,28512,0,136488,0,55500,0,55500,0,0,,,1300,,0,0,137788,12/06/2026 08:06:09	,12/06/2026 08:07:10	,12/06/2026 11:33:21	,12/06/2026 20:44:25	,16/06/2026 10:00:48	,"	",,,Fulfillment by seller,TM420 Warehouse,JX9664323854,Pengiriman standar,J&T Express,,r***iki_,k****,(+62)851******02,"	",Indonesia,Sulawesi Selatan,Kota Palopo,************,*********,*****************************************************************,**************************************,QRIS,0.25,T-shirt,1199702720867304826	,TikTok,,Unchecked,,,Product cards,
584487163020216079	,Dibatalkan,Dibatalkan,Cancel,Normal,1730791711277286893	,TSLS-GOODFRIENDS-S,TM420 Good Friends Long Sleeve T-Shirt (Cotton Combed 30s),S,1,1,215000,215000,29794,42580,142626,0,32000,0,32000,0,0,142626,,1400,1440,0,0,145466,12/06/2026 07:56:38	,"	","	","	","	",12/06/2026 07:58:23	,User,Tidak perlu lagi,Fulfillment by seller,TM420 Warehouse,,Hemat,,,m***madfachrii9,M******* F*****,(+62)852******70,"	",Indonesia,Kepulauan Bangka Belitung,Kab. Bangka Tengah,****,****,*****************************,*********************,Bayar di tempat,0.25,T-shirt,1199701608183072527	,TikTok,,Unchecked,,,Product cards,
584486444477679050	,Selesai,Selesai,,Normal,1730945878193178093	,TS-GTA-XL,TM420 GTA Smoke & Fly Grand Theft Auto T-Shirt (Cotton Combed 24s Bahan Kain Tebal),XL,1,0,185000,185000,27545,27580,129875,0,19000,0,19000,0,0,,,1019,3727,0,0,376453,12/06/2026 06:50:40	,14/06/2026 11:50:59	,12/06/2026 11:33:21	,12/06/2026 20:44:25	,14/06/2026 11:50:59	,"	",,,Fulfillment by seller,TM420 Warehouse,JX9660303154,Pengiriman standar,J&T Express,,d***nyoon7,d***,(+62)838******03,"	",Indonesia,Jawa Tengah,Kab. Grobogan,*****,*********,*************************,,Bayar di tempat,0.25,T-shirt,1199695573457536458	,TikTok,,Unchecked,,,Product cards,
584486444477679050	,Selesai,Selesai,,Normal,1735928569092539885	,TRUCKER-STAYHIGH,TM420 Stay High Trucker Hat Cap - Green Black White - Premium,Default,1,0,165000,165000,23345,31580,110075,0,19000,0,19000,0,0,,,863,3727,0,0,376453,12/06/2026 06:50:40	,14/06/2026 11:50:59	,12/06/2026 11:33:21	,12/06/2026 20:44:25	,14/06/2026 11:50:59	,"	",,,Fulfillment by seller,TM420 Warehouse,JX9660303154,Pengiriman standar,J&T Express,,d***nyoon7,d***,(+62)838******03,"	",Indonesia,Jawa Tengah,Kab. Grobogan,*****,*********,*************************,,Bayar di tempat,0.25,Topi Olahraga & Outdoor,1199695573457536458	,TikTok,,Unchecked,,,Product cards,
584486444477679050	,Selesai,Selesai,,Normal,1730790205359621613	,TSTD-RELAX-XL,TM420 Relax Washed T-Shirt (Cotton Combed 24s Bahan Kaos Tebal Washing TieDye),XL,1,0,185000,185000,27544,27580,129876,0,19000,0,19000,0,0,,,1018,3727,0,0,376453,12/06/2026 06:50:40	,14/06/2026 11:50:59	,12/06/2026 11:33:21	,12/06/2026 20:44:25	,14/06/2026 11:50:59	,"	",,,Fulfillment by seller,TM420 Warehouse,JX9660303154,Pengiriman standar,J&T Express,,d***nyoon7,d***,(+62)838******03,"	",Indonesia,Jawa Tengah,Kab. Grobogan,*****,*********,*************************,,Bayar di tempat,0.25,T-shirt,1199695573457536458	,TikTok,,Unchecked,,,Product cards,
584486042997458028	,Dibatalkan,Dibatalkan,Cancel,Normal,1731718924607849965	,TSLS-3DICONS-L,TM420 Natural 3D Icons Longsleeve T-Shirt (Cotton Combed 24s Kaos Tebal Lengan Panjang),L,1,1,210000,210000,20690,37580,151730,0,5000,0,5000,0,0,151730,,0,1517,0,0,153247,12/06/2026 06:00:06	,"	",12/06/2026 11:33:21	,12/06/2026 20:44:25	,"	",18/06/2026 18:25:10	,System,Pengiriman paket gagal,Fulfillment by seller,TM420 Warehouse,JX9660135652,Pengiriman standar,J&T Express,,k***ativa,K**,(+62)821******48,"	",Indonesia,D.I. Yogyakarta,Kota Yogyakarta,**********,********,*********************************************************************************,***********,Bayar di tempat,0.25,T-shirt,1199693118084711532	,TikTok,,Unchecked,,,Videos,
584485522999314095	,Dibatalkan,Dibatalkan,Cancel,Normal,1733365746919376365	,REED-RELAXTONIGHT,TM420 Reed Diffuser For Relaxing Room - Enjoy Today & Relax Tonight Aroma - Pengharum Ruangan Aromaterapi Menenangkan,Relax Tonight,1,1,150000,150000,0,0,150000,7000,7000,0,0,0,0,150000,,0,,0,0,157000,12/06/2026 04:12:44	,"	",12/06/2026 05:13:18	,12/06/2026 20:44:25	,"	",18/06/2026 00:56:05	,System,Pengiriman paket gagal,Fulfillment by seller,TM420 Warehouse,JX9669259207,Pengiriman standar,J&T Express,,r***dindarahmawat3,M**** I********,(+62)852******31,"	",Indonesia,West Java,Tasikmalaya Regency,***********,***********,**************************************************************************************************************,,Bayar di tempat,0.5,Minyak esensial,1199689761051543215	,TikTok,,Unchecked,,,Product cards,
584484420580771230	,Dibatalkan,Dibatalkan,Cancel,Normal,1730945878193112557	,TS-GTA-L,TM420 GTA Smoke & Fly Grand Theft Auto T-Shirt (Cotton Combed 24s Bahan Kain Tebal),L,1,1,185000,185000,18890,27580,138530,0,29000,0,29000,0,0,138530,,1300,1398,0,0,141228,11/06/2026 23:59:12	,"	",12/06/2026 05:13:18	,12/06/2026 20:44:25	,"	",14/07/2026 08:54:07	,System,Pengiriman paket gagal,Fulfillment by seller,TM420 Warehouse,JX9661279707,Hemat,J&T Express,,i***.235,I*** f****,(+62)857******74,"	",Indonesia,Kepulauan Riau,Kota Batam,******,**********,**************,********************************,Bayar di tempat,0.25,T-shirt,1199682518626108830	,TikTok,,Unchecked,,,Product cards,
584481080323770132	,Selesai,Selesai,,Normal,1733635458330887661	,,VOOJAH Stoner Longsleeve (Cotton Combed 24s),M,1,0,210000,210000,25413,40580,144007,3500,38500,0,35000,0,0,,,1400,1489,0,0,150396,11/06/2026 19:59:12	,24/06/2026 14:13:56	,12/06/2026 11:43:06	,12/06/2026 20:44:25	,24/06/2026 14:13:56	,"	",,,Fulfillment by seller,TM420 Warehouse,JX9667584252,Hemat,J&T Express,,c***eleon_ar2,A**** N****,(+62)085*******69,"	",Indonesia,Sulawesi Selatan,Kab. Luwu Timur,******,*********,************,*****,Bayar di tempat,0.3,T-shirt,1199666865685104404	,TikTok,,Unchecked,,,Product cards,
584480617143436620	,Selesai,Selesai,,Normal,1731641879095379437	,TSLET-COBAINKUY-L,TM420 Cobain Kuy Tank Top T-Shirt - Kurt Cobain (Cotton Combed 24s Kaos Singlet Tebal),L,1,0,170000,170000,10000,0,160000,0,0,0,0,0,0,,,1000,1610,0,0,162610,11/06/2026 19:35:14	,14/06/2026 17:33:37	,12/06/2026 05:13:18	,12/06/2026 20:44:25	,14/06/2026 17:33:37	,"	",,,Fulfillment by seller,TM420 Warehouse,JX9663568401,Hemat,J&T Express,,a***deby,A***,(+62)812******18,"	",Indonesia,Lampung,South Lampung,********,********,****************,,Bayar di tempat,0.25,T-shirt,1199664844191008076	,TikTok,,Unchecked,,,Videos,
584480426683697088	,Selesai,Selesai,,Normal,1730791820884805101	,TS-420GRASS-M,TM420 420 Grass T-Shirt (Cotton Combed 24s Bahan Kaos Tebal),M,1,0,185000,185000,12594,27580,144826,13000,33000,0,20000,0,0,,,1000,,0,0,158826,11/06/2026 19:17:18	,11/06/2026 19:17:53	,12/06/2026 05:13:18	,12/06/2026 20:44:25	,15/06/2026 10:40:56	,"	",,,Fulfillment by seller,TM420 Warehouse,JX9667359107,Pengiriman standar,J&T Express,,h***ucy___,W*******,(+62)813******29,"	",Indonesia,Kepulauan Riau,Batam,**********,**********,*******************************************************************************,,QRIS,0.25,T-shirt,1199662696038303680	,TikTok,,Unchecked,,,LIVE,tm420.official
584480373262812588	,Selesai,Selesai,,Normal,1731418000041739757	,TS-HIGHCULT-XL,TM420 High Culture T-Shirt (Cotton Combed 24s Bahan Kaos Tebal),XL,1,0,175000,175000,13307,33000,128693,0,12000,0,12000,0,0,,,1003,2844,0,0,287279,11/06/2026 19:10:58	,15/06/2026 16:47:07	,12/06/2026 11:42:47	,12/06/2026 20:44:25	,15/06/2026 16:47:07	,"	",,,Fulfillment by seller,TM420 Warehouse,JX9664056251,Pengiriman besok sampai,J&T Express,,e***hmad789,z****,(+62)882******81,"	",Indonesia,Jawa Barat,Bekasi,**************,***********,********************,**********************************,Bayar di tempat,0.25,T-shirt,1199662901818394028	,TikTok,,Unchecked,,,LIVE,tm420.official
584480373262812588	,Selesai,Selesai,,Normal,1733635458331018733	,,VOOJAH Stoner Longsleeve (Cotton Combed 24s),XL,1,0,210000,210000,15878,40580,153542,0,12000,0,12000,0,0,,,1197,2844,0,0,287279,11/06/2026 19:10:58	,15/06/2026 16:47:07	,12/06/2026 11:42:47	,12/06/2026 20:44:25	,15/06/2026 16:47:07	,"	",,,Fulfillment by seller,TM420 Warehouse,JX9664056251,Pengiriman besok sampai,J&T Express,,e***hmad789,z****,(+62)882******81,"	",Indonesia,Jawa Barat,Bekasi,**************,***********,********************,**********************************,Bayar di tempat,0.3,T-shirt,1199662901818394028	,TikTok,,Unchecked,,,LIVE,tm420.official
584480285262906866	,Selesai,Selesai,,Normal,1731418000041674221	,TS-HIGHCULT-L,TM420 High Culture T-Shirt (Cotton Combed 24s Bahan Kaos Tebal),L,1,0,175000,175000,12594,17580,144826,0,20500,0,20500,0,0,,,1400,1462,0,0,147688,11/06/2026 19:03:55	,17/06/2026 08:57:53	,12/06/2026 05:13:21	,12/06/2026 20:44:25	,17/06/2026 08:57:53	,"	",,,Fulfillment by seller,TM420 Warehouse,JX9660239307,Hemat,J&T Express,,y***huu07,y********,(+62)853******36,"	",Indonesia,Nusa Tenggara Barat,Kota Mataram,*********,************,******************************,*****************************,Bayar di tempat,0.25,T-shirt,1199662389434942962	,TikTok,,Unchecked,,,LIVE,tm420.official
584480176126461538	,Selesai,Selesai,,Normal,1731418000041674221	,TS-HIGHCULT-L,TM420 High Culture T-Shirt (Cotton Combed 24s Bahan Kaos Tebal),L,1,0,175000,175000,0,17580,157420,0,64000,0,64000,0,0,,5,1000,,0,0,158415,11/06/2026 18:58:37	,11/06/2026 19:00:25	,12/06/2026 05:13:21	,12/06/2026 20:44:25	,23/06/2026 20:07:00	,"	",,,Fulfillment by seller,TM420 Warehouse,JX9669428101,Hemat,J&T Express,,z***na.greta,f******* p***,(+62)821******37,"	",Indonesia,Gorontalo,Boalemo,********,*******,****************,******************,PayLater + QRIS,0.25,T-shirt,1199661885967664738	,TikTok,,Unchecked,,,LIVE,tm420.official
584480091131053242	,Selesai,Selesai,,Normal,1731718934578824685	,TS-TIEMUSHROOM-XXL,TM420 Mushroom Tie-Dye T-Shirt (Cotton Combed 24s),XXL,1,0,185000,185000,13314,18580,153106,5000,75000,0,70000,0,0,,,1000,,0,0,159106,11/06/2026 18:57:11	,11/06/2026 18:58:05	,12/06/2026 05:13:21	,12/06/2026 20:44:25	,17/06/2026 13:52:33	,"	",,,Fulfillment by seller,TM420 Warehouse,JX9661319907,Hemat,J&T Express,,3***._,k***** m*******,(+62)813******92,"	",Indonesia,Maluku,Ambon,*******,************,******************,,QRIS,0.25,T-shirt,1199661403655472314	,TikTok,,Unchecked,,,LIVE,tm420.official
584480089478694498	,Dibatalkan,Dibatalkan,Cancel,Normal,1731544727697917421	,TS-JAMAICA-L,TM420 Jamaica T-Shirt (Cotton Combed 24s Kaos Tebal Jamaika),L,1,1,175000,175000,12594,17580,144826,0,64000,0,64000,0,0,144826,5,1400,,0,0,146221,11/06/2026 18:56:18	,"	","	","	","	",11/06/2026 20:45:04	,User,Tidak perlu lagi,Fulfillment by seller,TM420 Warehouse,,Hemat,,,z***na.greta,f******* p***,(+62)821******37,"	",Indonesia,Gorontalo,Boalemo,********,*******,****************,******************,PayLater + QRIS,0.25,T-shirt,"	",TikTok,,,,,LIVE,tm420.official
584480051292767279	,Selesai,Selesai,,Normal,1735536109438141933	,TSLS-MEDICATIONOV-M,TM420 Medication Overview Long Sleeve T-Shirt (Cotton Combed 24s - Kaos Lengan Panjang),M,1,0,275000,275000,14594,92580,167826,0,17000,0,17000,0,0,,,1000,,0,0,168826,11/06/2026 18:54:31	,11/06/2026 18:55:00	,12/06/2026 05:13:21	,12/06/2026 20:44:25	,14/06/2026 08:34:40	,"	",,,Fulfillment by seller,TM420 Warehouse,JX9664019907,Hemat,J&T Express,,k***iawanwawan312,K***** m*****,(+62)857******91,"	",Indonesia,Sumatera Selatan,Kota Palembang,*****,***********,*************************************,*****,QRIS,0.15,T-shirt,1199661043852280879	,TikTok,,Unchecked,,,LIVE,tm420.official
584479989679424546	,Selesai,Selesai,,Normal,1735133582309164525	,TS-LEGALIZERINGER-M,TM420 Legalize Green Ringer T-Shirt (Cotton Combed 24s),M,1,0,200000,200000,13314,33580,153106,0,10500,0,10500,0,0,,,1000,1541,0,0,155647,11/06/2026 18:42:14	,14/06/2026 16:15:58	,12/06/2026 05:13:24	,12/06/2026 20:44:25	,14/06/2026 16:15:58	,"	",,,Fulfillment by seller,TM420 Warehouse,JX9666559007,Pengiriman besok sampai,J&T Express,,j***s420,j**,(+62)812******38,"	",Indonesia,DKI Jakarta,Kota Administrasi Jakarta Pusat,***********,**********,**************************************************************,,Bayar di tempat,0.25,T-shirt,1199659645065266210	,TikTok,,Unchecked,,,Videos,
584479601568024233	,Selesai,Selesai,,Normal,1735928569092539885	,TRUCKER-STAYHIGH,TM420 Stay High Trucker Hat Cap - Green Black White - Premium,Default,1,0,165000,165000,12214,31580,121206,0,11000,0,11000,0,0,,,1200,1224,0,0,123630,11/06/2026 18:22:33	,13/06/2026 18:26:28	,12/06/2026 05:13:23	,12/06/2026 20:44:25	,13/06/2026 18:26:28	,"	",,,Fulfillment by seller,TM420 Warehouse,JX9666039907,Pengiriman besok sampai,J&T Express,,y***akbarramadhan,Y*** M**,(+62)857******94,"	",Indonesia,Banten,Kota Tangerang,*****,*****,***********************,*************************,Bayar di tempat,0.25,Topi Olahraga & Outdoor,1199658556404893353	,TikTok,,Unchecked,,,LIVE,tm420.official
584479428356900768	,Selesai,Selesai,,Normal,1735132341287028205	,TSOV-BASIC-SAGE-M,TM420 Basic Oversize T-Shirt With Smile Logo (Kaos Boxy Basic - Cotton Combed 20s),"Sage Green, M",1,0,200000,200000,16799,33580,149621,0,35500,0,35500,0,0,,,1150,,0,0,301542,11/06/2026 18:12:46	,11/06/2026 18:12:52	,12/06/2026 05:13:16	,12/06/2026 20:44:25	,15/06/2026 08:31:41	,"	",,,Fulfillment by seller,TM420 Warehouse,JX9668279807,Pengiriman standar,J&T Express,,a***nami,a*** m******,(+62)812******15,"	",Indonesia,Jawa Timur,Kabupaten Malang,********,********,********************************************************************************************,,PayLater,0.25,T-shirt,1199657777034266528	,TikTok,,Unchecked,,,LIVE,tm420.official
584479428356900768	,Selesai,Selesai,,Normal,1735132341286372845	,TSOV-BASIC-BLACK-M,TM420 Basic Oversize T-Shirt With Smile Logo (Kaos Boxy Basic - Cotton Combed 20s),"Black, M",1,0,200000,200000,16799,33580,149621,0,35500,0,35500,0,0,,,1150,,0,0,301542,11/06/2026 18:12:46	,11/06/2026 18:12:52	,12/06/2026 05:13:16	,12/06/2026 20:44:25	,15/06/2026 08:31:41	,"	",,,Fulfillment by seller,TM420 Warehouse,JX9668279807,Pengiriman standar,J&T Express,,a***nami,a*** m******,(+62)812******15,"	",Indonesia,Jawa Timur,Kabupaten Malang,********,********,********************************************************************************************,,PayLater,0.25,T-shirt,1199657777034266528	,TikTok,,Unchecked,,,LIVE,tm420.official
584479313474585858	,Selesai,Selesai,,Normal,1731418073856837101	,TS-WILDFIRE-L,TM420 Wildfire T-Shirt (Cotton Combed 24s),L,1,0,185000,185000,12594,27580,144826,0,21500,0,21500,0,0,,,1400,1462,0,0,147688,11/06/2026 18:02:16	,14/06/2026 09:19:42	,12/06/2026 05:13:16	,12/06/2026 20:44:25	,14/06/2026 09:19:42	,"	",,,Fulfillment by seller,TM420 Warehouse,JX9667408101,Pengiriman standar,J&T Express,,n***lkancil35,N**** R**********,(+62)821******14,"	",Indonesia,Jawa Timur,Kab. Mojokerto,*****,*****,*****,***********************,Bayar di tempat,0.25,T-shirt,1199656083519735042	,TikTok,,Unchecked,,,LIVE,tm420.official
584479000353474290	,Selesai,Selesai,,Normal,1731418073856837101	,TS-WILDFIRE-L,TM420 Wildfire T-Shirt (Cotton Combed 24s),L,1,0,185000,185000,12594,27580,144826,0,9000,0,9000,0,0,,,1400,1462,0,0,147688,11/06/2026 17:36:33	,14/06/2026 13:14:44	,12/06/2026 05:13:16	,12/06/2026 20:44:25	,14/06/2026 13:14:44	,"	",,,Fulfillment by seller,TM420 Warehouse,JX9661588401,Pengiriman standar,J&T Express,,r***ga9756,R***** R******,(+62)819******05,"	",Indonesia,Jawa Barat,Cianjur,********,********,*********************************************,*************************************************************************,Bayar di tempat,0.25,T-shirt,1199654119768426226	,TikTok,,Unchecked,,,LIVE,tm420.official
584478933636646493	,Selesai,Selesai,,Normal,1733635458330887661	,,VOOJAH Stoner Longsleeve (Cotton Combed 24s),M,1,0,210000,210000,13554,40580,155866,0,27000,0,27000,0,0,,,1000,1569,0,0,158435,11/06/2026 17:27:52	,15/06/2026 16:18:29	,12/06/2026 11:42:24	,12/06/2026 20:44:25	,15/06/2026 16:18:29	,"	",,,Fulfillment by seller,TM420 Warehouse,JX9665016550,Pengiriman standar,J&T Express,,i***alu,f******,(+62)877******89,"	",Indonesia,Jawa Timur,Jember,*****,*************,******************************************************,************************,Bayar di tempat,0.3,T-shirt,1199653259541972573	,TikTok,,Unchecked,,,LIVE,tm420.official
584478840717935671	,Dibatalkan,Dibatalkan,Cancel,Normal,1730936507432404461	,WATCH-CANVAS-GREEN,TM420 Canvas Watch - Jam Tangan Arloji - Wrislet Watches Waterproof With Date,Green,1,1,279000,279000,25000,0,254000,0,13000,0,13000,0,0,254000,,0,2540,0,0,256540,11/06/2026 17:25:52	,"	",12/06/2026 05:13:16	,12/06/2026 20:44:25	,"	",16/06/2026 15:23:59	,System,Pengiriman paket gagal,Fulfillment by seller,TM420 Warehouse,JX9666379307,Pengiriman besok sampai,J&T Express,,h***ry0076,H********,(+62)813*****25,"	",Indonesia,DKI Jakarta,Kota Administrasi Jakarta Barat,**********,******************,*******************************,,Bayar di tempat,0.5,Jam Tangan Pria,1199653414126847031	,TikTok,,Unchecked,,,Videos,
584476709673600638	,Dibatalkan,Dibatalkan,Cancel,Normal,1731727577377965549	,TSLESS-SHINCHAN-M,TM420 Shinchan ACAB T-Shirt (Cotton Combed 24s Crayon Sinchan Kaos Tebal Sincan 1312),M,1,1,165000,165000,0,0,165000,87000,122000,0,35000,0,0,165000,,2000,2540,0,0,256540,11/06/2026 14:36:13	,"	",11/06/2026 15:57:07	,12/06/2026 20:44:25	,"	",24/06/2026 16:08:56	,System,Pengiriman paket gagal,Fulfillment by seller,TM420 Warehouse,JX9653618789,Hemat,J&T Express,,m***ni.matulessy,M D*** M********,(+62)813******33,"	",Indonesia,Maluku Utara,Kab. Halmahera Selatan,*****,******,*******************************************************************,******************,Bayar di tempat,0.25,T-shirt,1199633533270984318	,TikTok,,Unchecked,,,Videos,user103240543
584476320890062399	,Selesai,Selesai,,Normal,1730936507432404461	,WATCH-CANVAS-GREEN,TM420 Canvas Watch - Jam Tangan Arloji - Wrislet Watches Waterproof With Date,Green,1,0,279000,279000,0,0,279000,0,38000,0,38000,0,0,,,2200,2812,0,0,284012,11/06/2026 14:05:04	,23/06/2026 07:24:38	,11/06/2026 15:57:07	,12/06/2026 20:44:25	,23/06/2026 07:24:38	,"	",,,Fulfillment by seller,TM420 Warehouse,JX9653246088,Hemat,J&T Express,,t***sgunawa_,t**** g*****,(+62)896******59,"	",Indonesia,Kalimantan Barat,Kab. Sanggau,***********,*********,****************************************************,,Bayar di tempat,0.5,Jam Tangan Pria,1199629380958979647	,TikTok,,Unchecked,,,Product cards,
584476243275908529	,Selesai,Selesai,,Normal,1730787270099437037	,BUCK-WEEDPATTERN,TM420 Weed Pattern Bucket Hat,Default,1,0,111420,111420,8914,0,102506,0,38000,0,38000,0,0,,,1500,4160,0,0,108166,11/06/2026 14:01:28	,21/06/2026 19:18:21	,11/06/2026 15:57:07	,12/06/2026 20:44:25	,21/06/2026 19:18:21	,"	",,,Fulfillment by seller,TM420 Warehouse,JX9655858389,Hemat,J&T Express,,c***k_pirit,k**** d**,(+62)821******77,"	",Indonesia,Kalimantan Barat,Sanggau,*******,*********,***************,***************,Bayar di tempat,0.25,Topi,1199628673126991281	,TikTok,,Unchecked,,,Product cards,
584475102159406425	,Selesai,Selesai,,Normal,1732819267917612525	,CRG-SAGE-30,TM420 Cargo Long Pants Green & Cream Premium Canvas,"30, Hijau",1,0,495000,495000,46080,253000,195920,0,14000,0,14000,0,0,,19,1000,,0,0,196901,11/06/2026 12:39:30	,11/06/2026 12:39:36	,11/06/2026 15:57:07	,12/06/2026 20:44:25	,15/06/2026 12:15:16	,"	",,,Fulfillment by seller,TM420 Warehouse,JX9656778989,Pengiriman standar,J&T Express,,v***i_,m*****,(+62)898*****71,"	",Indonesia,Bali,Kota Denpasar,****************,*******,***************************,***********,PayLater,0.6,Celana Panjang,1199618074454689113	,TikTok,,Unchecked,,,Product cards,
584473537540228151	,Selesai,Selesai,,Normal,1734549267721848301	,420-GRE-OVE-BOX-XL,420F Grey Oversized Boxy (Full Cotton),XL,1,0,225000,225000,0,69580,155420,10500,10500,0,0,0,0,,,0,,0,0,165920,11/06/2026 10:49:41	,11/06/2026 10:50:45	,11/06/2026 11:48:39	,11/06/2026 14:59:54	,12/06/2026 16:09:42	,"	",,,Fulfillment by seller,TM420 Warehouse,JX9653160063,Pengiriman besok sampai,J&T Express,,u***ongs41,U*********,(+62)859******56,"	",Indonesia,DKI Jakarta,Kota Administrasi Jakarta Utara,*********,********,*******************************************,,DANA,0.25,T-shirt,1199605960757249079	,TikTok,,Unchecked,,,Product cards,
584472891211023671	,Selesai,Selesai,,Normal,1731718924607784429	,TSLS-3DICONS-M,TM420 Natural 3D Icons Longsleeve T-Shirt (Cotton Combed 24s Kaos Tebal Lengan Panjang),M,1,0,210000,210000,13794,37580,158626,0,45000,0,45000,0,0,,,1000,1596,0,0,161222,11/06/2026 10:01:33	,25/06/2026 11:31:03	,11/06/2026 10:20:40	,11/06/2026 14:59:54	,25/06/2026 11:31:03	,"	",,,Fulfillment by seller,TM420 Warehouse,JX9654612259,Hemat,J&T Express,,n***nono10166,f********,(+62)878******47,"	",Indonesia,Sulawesi Utara,Kota Manado,*******,********,********,**************************************,Bayar di tempat,0.25,T-shirt,1199599585162134839	,TikTok,,Unchecked,,,Product cards,
584471222772598319	,Dibatalkan,Dibatalkan,Cancel,Normal,1735928569092539885	,TRUCKER-STAYHIGH,TM420 Stay High Trucker Hat Cap - Green Black White - Premium,Default,1,1,165000,165000,20000,31580,113420,0,29000,0,29000,0,0,113420,0,0,1145,1000,0,115565,11/06/2026 07:43:30	,"	","	","	","	",11/06/2026 09:55:26	,User,Informasi pengiriman salah,Fulfillment by seller,TM420 Warehouse,,Pengiriman standar,,,U***ainur,s*** r*****,(+62)881*******69,*****	,Indonesia,Jawa Timur,Kab. Mojokerto,********,**********,**********************************************************,****************************************,Bayar di tempat,0.25,Topi Olahraga & Outdoor,1199581554266506799	,Tokopedia,,Unchecked,,,Product cards,
584470319132214601	,Selesai,Selesai,,Normal,1734219437351732717	,TS-SOHIGH-L,TM420 Relax and So High Oversize T-Shirt (Cotton Combed 20s - Bahan Kain Tebal OS Boxy),L,1,0,225000,225000,13314,58580,153106,0,24500,0,24500,0,0,,,0,3062,0,0,156168,11/06/2026 06:00:40	,13/06/2026 15:51:24	,11/06/2026 10:20:41	,11/06/2026 14:59:54	,13/06/2026 15:51:24	,"	",,,Fulfillment by seller,TM420 Warehouse,JX9654340159,Hemat,J&T Express,,m***mmad.idzen.ab,I**** A*****,(+62)821******17,"	",Indonesia,Lampung,Kab. Lampung Utara,****************,************,*********************************,,Bayar di tempat,0.25,T-shirt,1199573415149995337	,TikTok,,Unchecked,,,Product cards,
584470267251950921	,Dibatalkan,Dibatalkan,Cancel,Normal,1734219437351732717	,TS-SOHIGH-L,TM420 Relax and So High Oversize T-Shirt (Cotton Combed 20s - Bahan Kain Tebal OS Boxy),L,1,1,225000,225000,13314,58580,153106,0,24500,0,24500,0,0,153106,,0,3062,0,0,156168,11/06/2026 05:56:43	,"	","	","	","	",11/06/2026 05:58:46	,User,Perlu mengubah alamat pengiriman,Fulfillment by seller,TM420 Warehouse,,Hemat,,,m***mmad.idzen.ab,I**** A*****,(+62)821******17,"	",Indonesia,Lampung,Kab. Lampung Utara,****************,************,*********************************,************************,Bayar di tempat,0.25,T-shirt,1199573257951610185	,TikTok,,Unchecked,,,Product cards,
584469534684841810	,Selesai,Selesai,,Normal,1729590935817849325	,TS-ORNAMENT-M,TM420 Ornamentation T-Shirt (Cotton Combed 24s Bahan Kain Tebal Original),M,1,0,133420,133420,10674,0,122746,0,16500,0,16500,0,0,,,984,,0,0,123730,11/06/2026 02:51:18	,11/06/2026 02:51:49	,11/06/2026 10:20:41	,11/06/2026 14:59:54	,13/06/2026 12:56:10	,"	",,,Fulfillment by seller,TM420 Warehouse,JX9653812059,Pengiriman standar,J&T Express,,s***m02,a***,(+62)858******99,"	",Indonesia,Banten,Kab. Lebak,*******,*********,************************,**********************,QRIS,0.25,T-shirt,1199567914650404690	,TikTok,,Unchecked,,,Product cards,
584465768748647831	,Selesai,Selesai,,Normal,1735119164618409453	,TSDL-LEGALIZESALUR-L,TM420 Legalize Cannabis Long-Sleeve Double Layer T-Shirt (Cotton Combed 24s - Salur),L,1,0,250000,250000,36666,67580,145754,0,5000,0,5000,0,0,,2186,1400,,0,0,144968,10/06/2026 20:32:56	,10/06/2026 20:33:02	,11/06/2026 10:20:38	,11/06/2026 14:59:54	,13/06/2026 17:18:04	,"	",,,Fulfillment by seller,TM420 Warehouse,JX9657772459,Pengiriman standar,J&T Express,,m***ijunaa,D**** h r****,(+62)896******49,"	",Indonesia,Jawa Timur,Kabupaten Jember,******,*********,************************************************************************************************************,,PayLater,0.25,T-shirt,1199549134340654487	,TikTok,,Unchecked,,,Product cards,
584464077258786288	,Selesai,Selesai,,Normal,1733832755130959341	,TS-STAYHIGH-M,TM420 Stay High T-Shirt (Cotton Combed 24s),"High, M",1,0,175000,175000,9445,17580,147975,32000,32000,0,0,0,0,,,1000,1810,0,0,182785,10/06/2026 18:45:31	,15/06/2026 10:32:35	,11/06/2026 10:20:38	,11/06/2026 14:59:54	,15/06/2026 10:32:35	,"	",,,Fulfillment by seller,TM420 Warehouse,JX9654140959,Hemat,J&T Express,,u***_pusing,f**** p******,(+62)831******03,"	",Indonesia,Riau,Kab. Indragiri Hulu,******,**********************,*******************************,*******************************,Bayar di tempat,0.3,T-shirt,1199540543147771376	,TikTok,,Unchecked,,,Product cards,
584463411451626590	,Selesai,Selesai,,Normal,1729590935817914861	,TS-ORNAMENT-L,TM420 Ornamentation T-Shirt (Cotton Combed 24s Bahan Kain Tebal Original),L,1,0,133420,133420,10674,0,122746,5000,75000,0,70000,0,0,,,1200,3868,0,0,132814,10/06/2026 18:02:27	,15/06/2026 11:53:55	,11/06/2026 10:20:38	,11/06/2026 16:44:38	,15/06/2026 11:53:55	,"	",,,Fulfillment by seller,TM420 Warehouse,JX9659280159,Hemat,J&T Express,,v***oooo2110,m***,(+62)821******39,"	",Indonesia,Maluku,Kota Ambon,********,**********,************************************************************************************,**************,Bayar di tempat,0.25,T-shirt,1199535523878306910	,TikTok,,Unchecked,,,Product cards,
584462152102741778	,Selesai,Selesai,,Normal,1729590935817914861	,TS-ORNAMENT-L,TM420 Ornamentation T-Shirt (Cotton Combed 24s Bahan Kain Tebal Original),L,1,0,133420,133420,20013,0,113407,0,10500,0,10500,0,0,,,1100,,0,0,114507,10/06/2026 16:22:57	,10/06/2026 16:24:00	,11/06/2026 10:20:38	,11/06/2026 14:59:54	,12/06/2026 20:19:02	,"	",,,Fulfillment by seller,TM420 Warehouse,JX9650340159,Pengiriman besok sampai,J&T Express,,b***tiyuda05,M** M** b***** G******,(+62)464****89,"	",Indonesia,Jawa Barat,Kota Depok,********,********,************************,************************************,QRIS,0.25,T-shirt,1199525385215379218	,TikTok,,Unchecked,,,Product cards,
584460118099986426	,Selesai,Selesai,,Normal,1731727577378031085	,TSLESS-SHINCHAN-L,TM420 Shinchan ACAB T-Shirt (Cotton Combed 24s Crayon Sinchan Kaos Tebal Sincan 1312),L,1,0,165000,165000,0,0,165000,0,20500,0,20500,0,0,,,1154,5039,0,0,508959,10/06/2026 13:46:04	,15/06/2026 17:52:10	,10/06/2026 14:49:44	,11/06/2026 14:59:54	,15/06/2026 17:52:10	,"	",,,Fulfillment by seller,TM420 Warehouse,JX9648796181,Hemat,J&T Express,,s***ngahvans,A***,(+62)823******43,"	",Indonesia,Riau,Kota Pekanbaru,**************,****************,******************************,****************************************************************************,Bayar di tempat,0.25,T-shirt,1199505246535583738	,TikTok,,Unchecked,,,Videos,
584460118099986426	,Selesai,Selesai,,Normal,1731864780463048173	,PAKET-RELAXS-L,Paket Relax (Sunrise Crewneck + Relax Washed T-Shirt),L,1,0,345420,345420,10000,0,335420,0,20500,0,20500,0,0,,,2346,5039,0,0,508959,10/06/2026 13:46:04	,15/06/2026 17:52:10	,10/06/2026 14:49:44	,11/06/2026 14:59:54	,15/06/2026 17:52:10	,"	",,,Fulfillment by seller,TM420 Warehouse,JX9648796181,Hemat,J&T Express,,s***ngahvans,A***,(+62)823******43,"	",Indonesia,Riau,Kota Pekanbaru,**************,****************,******************************,****************************************************************************,Bayar di tempat,1,Jaket & Mantel,1199505246535583738	,TikTok,,Unchecked,,,Videos,
584455864787961313	,Dibatalkan,Dibatalkan,Cancel,Normal,1729590935817980397	,TS-ORNAMENT-XL,TM420 Ornamentation T-Shirt (Cotton Combed 24s Bahan Kain Tebal Original),XL,1,1,133420,133420,0,0,133420,0,51000,0,51000,0,0,133420,,1300,1347,0,0,136067,10/06/2026 08:36:54	,"	",10/06/2026 08:45:53	,11/06/2026 14:59:54	,"	",01/07/2026 16:06:17	,System,Pengiriman paket gagal,Fulfillment by seller,TM420 Warehouse,JX9641272445,Hemat,J&T Express,,_***inmala4m,s************,(+62)821******95,"	",Indonesia,Sumatera Utara,Kabupaten Mandailing Natal,*****,**************,*************,,Bayar di tempat,0.25,T-shirt,1199466042423281121	,TikTok,,Unchecked,,,Product cards,
584454668811798296	,Dibatalkan,Dibatalkan,Cancel,Normal,1731418000041674221	,TS-HIGHCULT-L,TM420 High Culture T-Shirt (Cotton Combed 24s Bahan Kaos Tebal),L,1,1,175000,175000,7871,17580,149549,0,45000,0,45000,0,0,149549,,1400,1509,0,0,152458,10/06/2026 06:38:38	,"	",10/06/2026 06:59:18	,10/06/2026 14:33:13	,"	",01/07/2026 09:34:20	,System,Pengiriman paket gagal,Fulfillment by seller,TM420 Warehouse,JX9642413722,Hemat,J&T Express,,g***ooo17,E******,(+62)852******62,"	",Indonesia,Sulawesi Barat,Kab. Mamasa,******,**********,**************************************,*****************************,Bayar di tempat,0.25,T-shirt,1199454240150554392	,TikTok,,Unchecked,,,Product cards,
584454684971861784	,Dibatalkan,Dibatalkan,Cancel,Normal,1731727577378031085	,TSLESS-SHINCHAN-L,TM420 Shinchan ACAB T-Shirt (Cotton Combed 24s Crayon Sinchan Kaos Tebal Sincan 1312),L,1,1,165000,165000,13200,0,151800,0,45000,0,45000,0,0,151800,,0,1518,0,0,153318,10/06/2026 06:38:12	,"	","	","	","	",10/06/2026 06:39:04	,User,Ongkir mahal,Fulfillment by seller,TM420 Warehouse,,Hemat,,,g***ooo17,E******,(+62)852******62,"	",Indonesia,Sulawesi Barat,Kab. Mamasa,******,**********,**************************************,*****************************,Bayar di tempat,0.25,T-shirt,1199454432332384024	,TikTok,,Unchecked,,,Product cards,
584454439124567864	,Selesai,Selesai,,Normal,1729590935817849325	,TS-ORNAMENT-M,TM420 Ornamentation T-Shirt (Cotton Combed 24s Bahan Kain Tebal Original),M,1,0,133420,133420,10674,0,122746,11000,41000,0,30000,0,0,,,1300,,0,0,135046,10/06/2026 06:09:20	,10/06/2026 06:09:56	,10/06/2026 06:59:18	,10/06/2026 14:33:13	,20/06/2026 11:35:15	,"	",,,Fulfillment by seller,TM420 Warehouse,JX9642880125,Hemat,J&T Express,,m***aprs21,m*** p****** s***,(+62)823******97,"	",Indonesia,Kalimantan Barat,Kab. Melawi,***********,**********,***********************************,*********************************,DANA,0.25,T-shirt,1199452997914036024	,TikTok,,Unchecked,,,Product cards,
584454307549054925	,Dibatalkan,Dibatalkan,Cancel,Normal,1730936507432404461	,WATCH-CANVAS-GREEN,TM420 Canvas Watch - Jam Tangan Arloji - Wrislet Watches Waterproof With Date,Green,1,1,279000,279000,11160,0,267840,0,36000,0,36000,0,0,267840,,2100,2699,0,0,272639,10/06/2026 05:52:41	,"	",10/06/2026 06:59:18	,10/06/2026 14:33:13	,"	",24/06/2026 09:53:08	,System,Pengiriman paket gagal,Fulfillment by seller,TM420 Warehouse,JX9643033822,Hemat,J&T Express,,g***ngballballan_tjb,a* m**,(+62)813******30,"	",Indonesia,Sumatera Utara,Kota Tanjung Balai,************,********,************,,Bayar di tempat,0.5,Jam Tangan Pria,1199452053942339533	,TikTok,,Unchecked,,,Product cards,
584454167151544266	,Selesai,Selesai,,Normal,1735928569092539885	,TRUCKER-STAYHIGH,TM420 Stay High Trucker Hat Cap - Green Black White - Premium,Default,1,0,165000,165000,10674,31580,122746,0,55500,0,55500,0,0,,,0,,0,0,246166,10/06/2026 05:26:21	,10/06/2026 05:26:48	,10/06/2026 06:59:18	,10/06/2026 14:33:13	,16/06/2026 13:33:28	,"	",,,Fulfillment by seller,TM420 Warehouse,JX9641493822,Pengiriman standar,J&T Express,,a***ya.arroyo,A***** a*****,(+62)852******12,"	",Indonesia,Sumatera Utara,Kab. Karo,*********,*******,**************,*********************************************************,DANA,0.25,Topi Olahraga & Outdoor,1199450785817528266	,TikTok,,Unchecked,,,Product cards,
584454167151544266	,Selesai,Selesai,,Normal,1730926901301839341	,SNAP-HIGH-GREEN,TM420 High Snapback Original,Green,1,0,123420,123420,0,0,123420,0,55500,0,55500,0,0,,,0,,0,0,246166,10/06/2026 05:26:21	,10/06/2026 05:26:48	,10/06/2026 06:59:18	,10/06/2026 14:33:13	,16/06/2026 13:33:28	,"	",,,Fulfillment by seller,TM420 Warehouse,JX9641493822,Pengiriman standar,J&T Express,,a***ya.arroyo,A***** a*****,(+62)852******12,"	",Indonesia,Sumatera Utara,Kab. Karo,*********,*******,**************,*********************************************************,DANA,0.25,Topi,1199450785817528266	,TikTok,,Unchecked,,,Product cards,
584454011597391725	,Dibatalkan,Dibatalkan,Cancel,Normal,1730936507432404461	,WATCH-CANVAS-GREEN,TM420 Canvas Watch - Jam Tangan Arloji - Wrislet Watches Waterproof With Date,Green,1,1,279000,279000,0,0,279000,0,20500,0,20500,0,0,279000,,0,2790,0,0,281790,10/06/2026 04:53:35	,"	",10/06/2026 05:04:37	,10/06/2026 14:33:13	,"	",15/06/2026 09:06:19	,System,Pengiriman paket gagal,Fulfillment by seller,TM420 Warehouse,JX9640939912,Pengiriman standar,J&T Express,,t***q_f,T****,(+62)856******68,"	",Indonesia,Jawa Timur,Kota Blitar,**********,*************,******************,*************************************,Bayar di tempat,0.5,Jam Tangan Pria,1199449784359290733	,TikTok,,Unchecked,,,Product cards,
584452807831880899	,Selesai,Selesai,,Normal,1730787270099437037	,BUCK-WEEDPATTERN,TM420 Weed Pattern Bucket Hat,Default,1,0,111420,111420,0,0,111420,0,18500,0,18500,0,0,,,1100,1125,0,0,113645,10/06/2026 00:11:52	,13/06/2026 16:34:51	,10/06/2026 05:04:37	,10/06/2026 14:33:13	,13/06/2026 16:34:51	,"	",,,Fulfillment by seller,TM420 Warehouse,JX9645966516,Hemat,J&T Express,,h***oww,H****,(+66)961****21,"	",Indonesia,Riau,Kota Pekanbaru,************,*****,****************************,*********************************,Bayar di tempat,0.25,Topi,1199442220204131523	,TikTok,,Unchecked,,,Product cards,
584452601497880551	,Selesai,Selesai,,Normal,1730789937725474285	,TS-WILDFLOWERS-M,TM420 Wild Flowers Bong T-Shirt (Cotton Combed 24s Bahan Kaos Tebal),M,1,0,185000,185000,7871,27580,149549,0,20500,0,20500,0,0,,,1400,,0,0,150949,09/06/2026 23:49:06	,09/06/2026 23:50:09	,10/06/2026 05:04:37	,10/06/2026 14:33:13	,15/06/2026 13:20:30	,"	",,,Fulfillment by seller,TM420 Warehouse,JX9649966216,Hemat,J&T Express,,j***sgiyyy,R*** A***** A***,(+62)895******14,"	",Indonesia,Nusa Tenggara Barat,Kota Mataram,***********,************************,*************************************,,QRIS,0.25,T-shirt,1199441057935362023	,TikTok,,Unchecked,,,Product cards,
584452376613455457	,Selesai,Selesai,,Normal,1729590935817980397	,TS-ORNAMENT-XL,TM420 Ornamentation T-Shirt (Cotton Combed 24s Bahan Kain Tebal Original),XL,1,0,133420,133420,20000,0,113420,0,10500,0,10500,0,0,,,1100,,0,0,114520,09/06/2026 23:24:11	,09/06/2026 23:24:13	,10/06/2026 05:04:37	,10/06/2026 14:33:13	,11/06/2026 17:01:20	,"	",,,Fulfillment by seller,TM420 Warehouse,JX9645986516,Pengiriman besok sampai,J&T Express,,h***sbogi,h********,(+62)838******18,"	",Indonesia,DKI Jakarta,Kota Administrasi Jakarta Barat,**********,****************,*********************************************************************************************************************************************************************,,PayLater,0.25,T-shirt,1199439648441140833	,TikTok,,Unchecked,,,Product cards,
584452154899793706	,Selesai,Selesai,,Normal,1731641868908725741	,TSLESS-THESUNSHINES-M,TM420 The Sun Shines On My Mind Sleeveless T-Shirt (Cotton Combed 24s Kaos Lekbong Tebal_,M,1,0,170000,170000,17000,0,153000,53000,123000,0,70000,0,0,,,0,,0,0,206000,09/06/2026 22:55:54	,09/06/2026 22:56:44	,10/06/2026 05:04:35	,10/06/2026 14:33:13	,17/06/2026 17:04:34	,"	",,,Fulfillment by seller,TM420 Warehouse,JX9646159213,Pengiriman standar,J&T Express,,a***s__,a*******,(+62)822******63,"	",Indonesia,Maluku Utara,Kab. Halmahera Barat,*******,*******,************,,QRIS,0.25,T-shirt,1199438136704993066	,TikTok,,Unchecked,,,Product cards,
584452027548272426	,Selesai,Selesai,,Normal,1731791711596086765	,TEES-BOBDYLAN-M,TM420 Bob Dylan & The Beatles T-Shirt (Cotton Combed 24s Kaos),M,1,0,175000,175000,25000,17580,132420,23000,123000,0,100000,0,0,,,0,,0,0,155420,09/06/2026 22:46:03	,09/06/2026 22:47:40	,10/06/2026 05:04:35	,10/06/2026 14:33:13	,17/06/2026 17:04:34	,"	",,,Fulfillment by seller,TM420 Warehouse,JX9641046017,Pengiriman standar,J&T Express,,a***s__,a*******,(+62)822******63,"	",Indonesia,Maluku Utara,Kab. Halmahera Barat,*******,*******,************,,QRIS,0.25,T-shirt,1199437962986751786	,TikTok,,Unchecked,,,Product cards,
584451739746010626	,Selesai,Selesai,,Normal,1734418863265383917	,TSLS-MORTALGARDEN-L,TM420 Mortal Garden Long Sleeve T-Shirt (Cotton Combed 24s),L,1,0,250000,250000,7984,77580,164436,0,7500,0,7500,0,0,,,0,,0,0,164436,09/06/2026 22:24:28	,09/06/2026 22:25:20	,10/06/2026 05:04:35	,10/06/2026 14:33:13	,11/06/2026 11:36:40	,"	",,,Fulfillment by seller,TM420 Warehouse,JX9641946816,Pengiriman besok sampai,J&T Express,,s***6678,I****,(+62)831******50,"	",Indonesia,Jawa Barat,Kab. Bandung Barat,*******,**********,**************************,****************,QRIS,0.25,T-shirt,1199436637271590402	,TikTok,,Unchecked,,,Product cards,
584450656531940472	,Selesai,Selesai,,Normal,1730787253995275757	,JER-GREENSALUR-L,"TM420 Jersey Long Sleeve (Green Stripes Salur For Outdoor Running, Football, Fishing etc)",L,1,0,215000,215000,39353,0,175647,0,13000,0,13000,0,0,,0,1000,,1400,0,178047,09/06/2026 21:18:21	,09/06/2026 21:18:30	,10/06/2026 05:04:35	,10/06/2026 14:33:12	,11/06/2026 16:08:55	,"	",,,Fulfillment by seller,TM420 Warehouse,JX9648919412,Pengiriman standar,J&T Express,,M***mmad I***l,M******* I****,(+62)822******01,*****	,Indonesia,DKI Jakarta,Kota Administrasi Jakarta Timur,**********,**********************,******************************************************************************************************************************,*******************************************,GoPay + GoPay Later,0.25,Jersey,1199431625099805816	,Tokopedia,,Unchecked,,,Product cards,
584449744550397862	,Dibatalkan,Dibatalkan,Cancel,Normal,1729590935817914861	,TS-ORNAMENT-L,TM420 Ornamentation T-Shirt (Cotton Combed 24s Bahan Kain Tebal Original),L,1,1,133420,133420,10674,0,122746,0,12000,0,12000,0,0,122746,,1200,1239,0,0,125185,09/06/2026 20:25:15	,"	",09/06/2026 20:46:38	,10/06/2026 14:33:13	,"	",13/06/2026 15:22:29	,System,Pengiriman paket gagal,Fulfillment by seller,TM420 Warehouse,JX9642659704,Pengiriman besok sampai,J&T Express,,d***lam.merpubi,D****** M******,(+62)831******61,"	",Indonesia,Jawa Barat,Kab. Subang,******,***********,***************************************,*********************************,Bayar di tempat,0.25,T-shirt,1199427152995518374	,TikTok,,Unchecked,,,Product cards,
584449370886407401	,Selesai,Selesai,,Normal,1730936748591252973	,TS-DOODLE-L,TM420 The Doodle T-Shirt (Cotton Combed 24s Bahan Kain Tebal),L,1,0,185000,185000,12594,27580,144826,0,31000,0,31000,0,0,,,1400,1462,0,0,147688,09/06/2026 20:07:04	,17/06/2026 12:39:45	,09/06/2026 20:46:38	,10/06/2026 14:33:13	,17/06/2026 12:39:45	,"	",,,Fulfillment by seller,TM420 Warehouse,JX9641107500,Hemat,J&T Express,,t***jal_tronjol,A* Z****,(+62)822******26,"	",Indonesia,D.I. Aceh,Kota Banda Aceh,*********,*****************,*****************,************************************,Bayar di tempat,0.25,T-shirt,1199426831621260521	,TikTok,,Unchecked,,,Videos,
584448762079905767	,Selesai,Selesai,,Normal,1731418073856771565	,TS-WILDFIRE-M,TM420 Wildfire T-Shirt (Cotton Combed 24s),M,1,0,185000,185000,12594,27580,144826,0,20500,0,20500,0,0,,,1400,,0,0,146226,09/06/2026 19:25:12	,09/06/2026 19:25:58	,09/06/2026 20:46:35	,10/06/2026 14:33:13	,15/06/2026 13:20:30	,"	",,,Fulfillment by seller,TM420 Warehouse,JX9641127300,Hemat,J&T Express,,j***sgiyyy,R*** A***** A***,(+62)895******14,"	",Indonesia,Nusa Tenggara Barat,Kota Mataram,***********,************************,*************************************,,QRIS,0.25,T-shirt,1199422352026863591	,TikTok,,Unchecked,,,Product cards,
584447999809652329	,Selesai,Selesai,,Normal,1731544727697851885	,TS-JAMAICA-M,TM420 Jamaica T-Shirt (Cotton Combed 24s Kaos Tebal Jamaika),M,1,0,175000,175000,0,17580,157420,0,24000,0,24000,0,0,,,1000,1584,0,0,160004,09/06/2026 18:34:17	,12/06/2026 14:36:30	,09/06/2026 20:46:35	,10/06/2026 14:33:13	,12/06/2026 14:36:30	,"	",,,Fulfillment by seller,TM420 Warehouse,JX9640779104,Hemat,J&T Express,,d***radtya5,D**** A***,(+62)887******14,"	",Indonesia,Lampung,Pringsewu,*********,********,*******************************************************************,*************************************,Bayar di tempat,0.25,T-shirt,1199417522945099369	,TikTok,,Unchecked,,,Videos,sud_boiss
584448038883002139	,Selesai,Selesai,,Normal,1731727577378031085	,TSLESS-SHINCHAN-L,TM420 Shinchan ACAB T-Shirt (Cotton Combed 24s Crayon Sinchan Kaos Tebal Sincan 1312),L,1,0,165000,165000,13200,0,151800,0,44000,0,44000,0,0,,,1000,1528,0,0,154328,09/06/2026 18:32:57	,17/06/2026 10:45:46	,09/06/2026 20:46:35	,10/06/2026 14:33:13	,17/06/2026 10:45:46	,"	",,,Fulfillment by seller,TM420 Warehouse,JX9641087300,Hemat,J&T Express,,a***e.r_,H****** f**********,(+62)822******11,"	",Indonesia,Aceh,Kota Subulussalam,************,************,***********************,,Bayar di tempat,0.25,T-shirt,1199417689028396827	,TikTok,,Unchecked,,,Videos,
584447271023576852	,Selesai,Selesai,,Normal,1734219437351994861	,TS-SOHIGH-XXL,TM420 Relax and So High Oversize T-Shirt (Cotton Combed 20s - Bahan Kain Tebal OS Boxy),XXL,1,0,225000,225000,16642,58580,149778,1000,31000,0,30000,0,0,,,1000,1518,0,0,153296,09/06/2026 17:40:54	,12/06/2026 08:39:56	,09/06/2026 20:46:35	,10/06/2026 14:33:13	,12/06/2026 08:39:56	,"	",,,Fulfillment by seller,TM420 Warehouse,JX9640759104,Pengiriman standar,J&T Express,,a***100,n*** s*******,(+62)813*****50,"	",Indonesia,Jawa Timur,Kab. Lamongan,********,****,****************************************,,Bayar di tempat,0.25,T-shirt,1199412419645310740	,TikTok,,Unchecked,,,LIVE,tm420.official
584447263556863009	,Selesai,Selesai,,Normal,1733635458331018733	,,VOOJAH Stoner Longsleeve (Cotton Combed 24s),XL,1,0,210000,210000,3610,40580,165810,49500,129500,0,80000,0,0,,9653,0,,0,0,615122,09/06/2026 17:35:03	,09/06/2026 17:35:22	,10/06/2026 05:06:25	,10/06/2026 14:33:13	,17/06/2026 16:42:31	,"	",,,Fulfillment by seller,TM420 Warehouse,JX9643306817,Hemat,J&T Express,,m***madseptian32,M****** s******,(+62)081*******09,"	",Indonesia,Papua Barat,Kab. Manokwari,***************,********,*****************,,GoPay,0.3,T-shirt,1199412167525696545	,TikTok,,Unchecked,,,LIVE,tm420.official
584447263556863009	,Selesai,Selesai,,Normal,1734219437351929325	,TS-SOHIGH-XL,TM420 Relax and So High Oversize T-Shirt (Cotton Combed 20s - Bahan Kain Tebal OS Boxy),XL,1,0,225000,225000,3547,58580,162873,49500,129500,0,80000,0,0,,9653,0,,0,0,615122,09/06/2026 17:35:03	,09/06/2026 17:35:22	,10/06/2026 05:06:25	,10/06/2026 14:33:13	,17/06/2026 16:42:31	,"	",,,Fulfillment by seller,TM420 Warehouse,JX9643306817,Hemat,J&T Express,,m***madseptian32,M****** s******,(+62)081*******09,"	",Indonesia,Papua Barat,Kab. Manokwari,***************,********,*****************,,GoPay,0.25,T-shirt,1199412167525696545	,TikTok,,Unchecked,,,LIVE,tm420.official
584447263556863009	,Selesai,Selesai,,Normal,1729590935817980397	,TS-ORNAMENT-XL,TM420 Ornamentation T-Shirt (Cotton Combed 24s Bahan Kain Tebal Original),XL,1,0,133420,133420,2843,0,130577,49500,129500,0,80000,0,0,,9653,0,,0,0,615122,09/06/2026 17:35:03	,09/06/2026 17:35:22	,10/06/2026 05:06:25	,10/06/2026 14:33:13	,17/06/2026 16:42:31	,"	",,,Fulfillment by seller,TM420 Warehouse,JX9643306817,Hemat,J&T Express,,m***madseptian32,M****** s******,(+62)081*******09,"	",Indonesia,Papua Barat,Kab. Manokwari,***************,********,*****************,,GoPay,0.25,T-shirt,1199412167525696545	,TikTok,,Unchecked,,,LIVE,tm420.official
584447263556863009	,Selesai,Selesai,,Normal,1733320351159125485	,KEYCHAIN-DAUN,TM420 Rastaman Keychain With Carabiner Stainless Steel Karabiner,Daun,1,0,123420,123420,7405,0,116015,49500,129500,0,80000,0,0,,9653,0,,0,0,615122,09/06/2026 17:35:03	,09/06/2026 17:35:22	,10/06/2026 05:06:25	,10/06/2026 14:33:13	,17/06/2026 16:42:31	,"	",,,Fulfillment by seller,TM420 Warehouse,JX9643306817,Hemat,J&T Express,,m***madseptian32,M****** s******,(+62)081*******09,"	",Indonesia,Papua Barat,Kab. Manokwari,***************,********,*****************,,GoPay,0.3,Gantungan Kunci,1199412167525696545	,TikTok,,Unchecked,,,LIVE,tm420.official
584446941830612080	,Selesai,Selesai,,Normal,1730789815682762221	,HELM-BW-M,TM420 Retro Helmet Marzano,M,1,0,389420,389420,54519,0,334901,34000,124000,0,90000,0,0,,,2900,,0,0,371801,09/06/2026 17:14:49	,09/06/2026 17:15:25	,09/06/2026 17:31:38	,10/06/2026 09:27:37	,18/06/2026 12:39:11	,"	",,,Fulfillment by seller,TM420 Warehouse,JX9640931709,Hemat,J&T Express,,s***traa,b*****,(+62)852******75,"	",Indonesia,D.I. Aceh,Kota Banda Aceh,***********,******************,***************,***********************,QRIS,1.35,Helm,1199409341669016688	,TikTok,,Unchecked,,,Product cards,
584446847314986716	,Selesai,Selesai,,Normal,1730929756737471981	,PLC-PEACE-CREAM,TM420 Peace Polocap Original Creamy Green,Default,1,0,111420,111420,11142,0,100278,0,35000,0,35000,0,0,,,0,1000,0,0,221356,09/06/2026 17:06:56	,09/06/2026 17:07:47	,09/06/2026 17:31:38	,10/06/2026 14:33:13	,20/06/2026 09:22:01	,"	",,,Fulfillment by seller,TM420 Warehouse,JX9646891509,Hemat,J&T Express,,u***4412085509581,I*** u**** a*** f***,(+62)823******85,"	",Indonesia,Sulawesi Selatan,Kota Makassar,********,********,**************************************************************************,**********************************************,Transfer bank,0.25,Topi,1199409606967527132	,TikTok,,Unchecked,,,LIVE,tm420.official
584446847314986716	,Selesai,Selesai,,Normal,1735928569092539885	,TRUCKER-STAYHIGH,TM420 Stay High Trucker Hat Cap - Green Black White - Premium,Default,1,0,165000,165000,13342,31580,120078,0,35000,0,35000,0,0,,,0,1000,0,0,221356,09/06/2026 17:06:56	,09/06/2026 17:07:47	,09/06/2026 17:31:38	,10/06/2026 14:33:13	,20/06/2026 09:22:01	,"	",,,Fulfillment by seller,TM420 Warehouse,JX9646891509,Hemat,J&T Express,,u***4412085509581,I*** u**** a*** f***,(+62)823******85,"	",Indonesia,Sulawesi Selatan,Kota Makassar,********,********,**************************************************************************,**********************************************,Transfer bank,0.25,Topi Olahraga & Outdoor,1199409606967527132	,TikTok,,Unchecked,,,LIVE,tm420.official
584446574293125071	,Dibatalkan,Dibatalkan,Cancel,Normal,1734418863265514989	,TSLS-MORTALGARDEN-XXL,TM420 Mortal Garden Long Sleeve T-Shirt (Cotton Combed 24s),XXL,1,1,250000,250000,15000,77580,157420,0,13000,0,13000,0,0,157420,0,1000,1585,0,0,160005,09/06/2026 16:46:09	,"	",09/06/2026 17:31:37	,10/06/2026 14:33:13	,"	",14/06/2026 09:09:21	,System,Pengiriman paket gagal,Fulfillment by seller,TM420 Warehouse,JX9646871509,Pengiriman standar,J&T Express,,N***b D***a N***aha,N**** N****,(+62)811****66,*****	,Indonesia,DKI Jakarta,Kota Administrasi Jakarta Selatan,*****,**********,**************************************,**********************,Bayar di tempat,0.25,T-shirt,1199407530955147215	,Tokopedia,,Unchecked,,,Product cards,
584446379990221937	,Selesai,Selesai,,Normal,1735535713856554477	,TSLS-HASHISH-M,TM420 Hashish Long Sleeve T-Shirt (Cotton Combed 24s),M,1,0,275000,275000,9121,92580,173299,0,50000,0,50000,0,0,,,1000,1743,0,0,176042,09/06/2026 16:28:15	,20/06/2026 12:57:45	,09/06/2026 17:31:38	,10/06/2026 14:33:13	,20/06/2026 12:57:45	,"	",,,Fulfillment by seller,TM420 Warehouse,JX9636789994,Hemat,J&T Express,,t***bachtiar,T** B*******,(+62)085*******30,"	",Indonesia,Sulawesi Selatan,Kabupaten Gowa,*********,*********,**********************************************************************,,Bayar di tempat,0.25,T-shirt,1199403927344481393	,TikTok,,Unchecked,,,LIVE,tm420.official
584446052687513069	,Selesai,Selesai,,Normal,1730936507432404461	,WATCH-CANVAS-GREEN,TM420 Canvas Watch - Jam Tangan Arloji - Wrislet Watches Waterproof With Date,Green,1,0,279000,279000,0,0,279000,0,22500,0,22500,0,0,,,2200,2812,0,0,284012,09/06/2026 16:00:36	,12/06/2026 19:05:11	,09/06/2026 17:31:40	,10/06/2026 14:33:13	,12/06/2026 19:05:11	,"	",,,Fulfillment by seller,TM420 Warehouse,JX9630909894,Pengiriman standar,J&T Express,,h***sramadhan729,A**,(+62)813******31,"	",Indonesia,Jawa Tengah,Kab. Banjarnegara,***********,*******,***************************,********,Bayar di tempat,0.5,Jam Tangan Pria,1199401371850081773	,TikTok,,Unchecked,,,Product cards,
584445621546092155	,Dibatalkan,Dibatalkan,Cancel,Normal,1731765794459649517	,TS-LISATANI-L,TM420 Monalisa Bertani T-Shirt (Cotton Combed 24s Kaos Tebal),L,1,1,175000,175000,7871,17580,149549,0,31000,0,31000,0,0,149549,,1400,1509,0,0,152458,09/06/2026 15:24:58	,"	",09/06/2026 17:31:35	,10/06/2026 14:33:13	,"	",22/06/2026 00:20:28	,System,Pengiriman paket gagal,Fulfillment by seller,TM420 Warehouse,JX9638889394,Hemat,J&T Express,,a***wiranataaa,A** W*******,(+62)082*******10,"	",Indonesia,Bengkulu,Kab. Rejang Lebong,*******************,**********,***************,*********************,Bayar di tempat,0.25,T-shirt,1199397293119604347	,TikTok,,Unchecked,,,Product cards,
584445569213433257	,Selesai,Selesai,,Normal,1730929756737471981	,PLC-PEACE-CREAM,TM420 Peace Polocap Original Creamy Green,Default,1,0,111420,111420,20000,0,91420,3500,43500,0,40000,0,0,,,1400,963,0,0,97283,09/06/2026 15:21:57	,19/06/2026 15:25:45	,09/06/2026 17:31:35	,10/06/2026 14:33:13	,19/06/2026 15:25:45	,"	",,,Fulfillment by seller,TM420 Warehouse,JX9640911109,Hemat,J&T Express,ukuran m ya bosku,a***armadea,a*** a******,(+62)897*****82,"	",Indonesia,Kalimantan Barat,Kab. Bengkayang,**********,*********,*********************************,******************,Bayar di tempat,0.25,Topi,1199397238927558057	,TikTok,,Unchecked,,,Videos,
584445512948483497	,Dibatalkan,Dibatalkan,Cancel,Normal,1730929756737471981	,PLC-PEACE-CREAM,TM420 Peace Polocap Original Creamy Green,Default,1,1,111420,111420,20000,0,91420,3500,43500,0,40000,0,0,91420,,1400,963,0,0,97283,09/06/2026 15:19:06	,"	","	","	","	",09/06/2026 15:20:06	,User,Tidak perlu lagi,Fulfillment by seller,TM420 Warehouse,,Hemat,,,a***armadea,a*** a******,(+62)897*****82,"	",Indonesia,Kalimantan Barat,Kab. Bengkayang,**********,*********,*********************************,******************,Bayar di tempat,0.25,Topi,1199397927680443817	,TikTok,,Unchecked,,,Videos,
584444137256159124	,Dibatalkan,Dibatalkan,Cancel,Normal,1730936507432469997	,WATCH-CANVAS-BLACK,TM420 Canvas Watch - Jam Tangan Arloji - Wrislet Watches Waterproof With Date,Black,1,1,279000,279000,0,0,279000,7500,7500,0,0,0,0,279000,,0,1000,0,0,287500,09/06/2026 13:32:46	,"	","	","	","	",10/06/2026 13:32:47	,System,Pesanan dibatalkan karena pembeli terlambat membayar,Fulfillment by seller,TM420 Warehouse,,Pengiriman besok sampai,,,a***y.f,A******* F T******,(+62)895*******89,"	",Indonesia,Jawa Barat,Bandung,*********,***************,***************************************************,,Transfer bank,0.5,Jam Tangan Pria,"	",TikTok,,,,,Product cards,
584442481620911990	,Selesai,Selesai,,Normal,1730789815682762221	,HELM-BW-M,TM420 Retro Helmet Marzano,M,1,0,389420,389420,33294,0,356126,0,76000,0,76000,0,0,,,2800,1000,0,0,359926,09/06/2026 11:34:57	,09/06/2026 11:36:44	,09/06/2026 17:31:35	,10/06/2026 09:27:37	,12/06/2026 11:16:51	,"	",,,Fulfillment by seller,TM420 Warehouse,JX9637889094,Pengiriman standar,J&T Express,,s***yudin83,Y***,(+62)853******00,"	",Indonesia,Jawa Tengah,Pekalongan,****,*********,****************************************************,,Transfer bank,1.35,Helm,1199369638469797750	,TikTok,,Unchecked,,,Product cards,
584442239907170106	,Selesai,Selesai,,Normal,1729590935817914861	,TS-ORNAMENT-L,TM420 Ornamentation T-Shirt (Cotton Combed 24s Bahan Kain Tebal Original),L,1,0,133420,133420,50000,0,83420,0,75000,0,75000,0,0,,,0,834,0,0,84254,09/06/2026 11:16:09	,13/06/2026 14:35:58	,09/06/2026 17:31:35	,10/06/2026 14:33:13	,13/06/2026 14:35:58	,"	",,,Fulfillment by seller,TM420 Warehouse,JX9639809694,Hemat,J&T Express,,1***ttt,m*********,(+62)822******37,"	",Indonesia,Maluku,Kota Ambon,********,*******,************************************,,Bayar di tempat,0.25,T-shirt,1199366679440951098	,TikTok,,Unchecked,,,Product cards,
584439718175737666	,Selesai,Selesai,,Normal,1730936748591252973	,TS-DOODLE-L,TM420 The Doodle T-Shirt (Cotton Combed 24s Bahan Kain Tebal),L,1,0,185000,185000,0,27580,157420,0,32000,0,32000,0,0,,,1000,1584,0,0,160004,09/06/2026 08:01:15	,15/06/2026 09:20:09	,09/06/2026 09:54:51	,09/06/2026 15:20:08	,15/06/2026 09:20:09	,"	",,,Fulfillment by seller,TM420 Warehouse,JX9632417950,Hemat,J&T Express,,y***_ketak,y***,(+62)812******45,"	",Indonesia,Kepulauan Bangka Belitung,Bangka Tengah,****,******,*******************************************************,******************************************************************,Bayar di tempat,0.25,T-shirt,1199341757950625602	,TikTok,,Unchecked,,,Product cards,
584439536273884629	,Selesai,Selesai,,Normal,1730787270099437037	,BUCK-WEEDPATTERN,TM420 Weed Pattern Bucket Hat,Default,1,0,111420,111420,0,0,111420,0,10500,0,10500,0,0,,,1100,1125,0,0,113645,09/06/2026 07:38:43	,10/06/2026 17:50:50	,09/06/2026 07:46:50	,09/06/2026 15:20:08	,10/06/2026 17:50:50	,"	",,,Fulfillment by seller,TM420 Warehouse,JX9634570130,Pengiriman besok sampai,J&T Express,,y***ki1383,y*****,(+62)811*****80,"	",Indonesia,DKI Jakarta,Jakarta Pusat,**********,************,*****************************************************,,Bayar di tempat,0.25,Topi,1199338722746533333	,TikTok,,Unchecked,,,Product cards,
584437208616699173	,Dibatalkan,Dibatalkan,Cancel,Normal,1730709037883622893	,DNM-DESTROY-30,TM420 Denim Destroyer - Sky Blue Washed Jeans,30,1,1,320000,320000,18754,85580,215666,0,11000,0,11000,0,0,215666,,0,2157,0,0,217823,09/06/2026 00:33:16	,"	","	","	","	",09/06/2026 01:31:46	,User,Perlu mengubah metode pembayaran,Fulfillment by seller,TM420 Warehouse,,Pengiriman besok sampai,,,r***aardana,r**********,(+62)895*******06,"	",Indonesia,Jawa Barat,Kab. Bogor,*********,*********,*****************************************************************,************************,Bayar di tempat,0.1,Jeans,1199321530388874533	,TikTok,,Unchecked,,,Product cards,
584437054526621089	,Selesai,Selesai,,Normal,1733635458331018733	,,VOOJAH Stoner Longsleeve (Cotton Combed 24s),XL,1,0,210000,210000,26696,40580,142724,11000,11000,0,0,0,0,,,554,167,0,0,154445,09/06/2026 00:12:36	,09/06/2026 00:13:35	,09/06/2026 07:47:54	,09/06/2026 15:20:08	,10/06/2026 17:17:08	,"	",,,Fulfillment by seller,TM420 Warehouse,JX9637828820,Pengiriman besok sampai,J&T Express,,d***seksaa,D** a*****,(+62)896******49,"	",Indonesia,Banten,Kota Tangerang,*******,*********,*************************************************************************************************,,Transfer bank,0.3,T-shirt,1199320670239425953	,TikTok,,Unchecked,,,Product cards,
584436826604930465	,Dibatalkan,Dibatalkan,Cancel,Normal,1733635458331018733	,,VOOJAH Stoner Longsleeve (Cotton Combed 24s),XL,1,1,210000,210000,18853,40580,150567,11000,11000,0,0,0,0,150567,0,836,,0,0,162403,08/06/2026 23:45:32	,08/06/2026 23:45:44	,"	","	","	",08/06/2026 23:50:22	,User,Tidak perlu lagi,Fulfillment by seller,TM420 Warehouse,,Pengiriman besok sampai,,,d***seksaa,D** a*****,(+62)896******49,"	",Indonesia,Banten,Kota Tangerang,*******,*********,*************************************************************************************************,,PayLater,0.3,T-shirt,1199319345586865569	,TikTok,,Unchecked,,,Product cards,
584436346036585509	,Selesai,Selesai,,Normal,1730830106481559021	,PLC-PEACE-CREAM,TM420 Peace Polocap Baseball Cap/Hat/Topi Original,Creamy,1,0,111420,111420,8914,0,102506,0,12000,0,12000,0,0,,,1500,1040,0,0,105046,08/06/2026 23:02:03	,10/06/2026 14:33:28	,09/06/2026 05:14:49	,09/06/2026 15:20:08	,10/06/2026 14:33:28	,"	",,,Fulfillment by seller,TM420 Warehouse,JX9630088612,Pengiriman besok sampai,J&T Express,,i***tuumo,R*****,(+62)819******27,"	",Indonesia,Jawa Barat,Kab. Subang,***********,**********,****************************,,Bayar di tempat,0.15,Topi,1199316604878619685	,TikTok,,Unchecked,,,Product cards,
584436129261323837	,Selesai,Selesai,,Normal,1730926901301904877	,SNAP-HIGH-BLACK,TM420 High Snapback Original,Black,1,0,123420,123420,35000,0,88420,500,35500,0,35000,0,0,,,1300,,0,0,90220,08/06/2026 22:38:00	,08/06/2026 22:39:18	,09/06/2026 05:14:49	,09/06/2026 15:20:08	,12/06/2026 10:57:59	,"	",,,Fulfillment by seller,TM420 Warehouse,JX9634088412,Pengiriman standar,J&T Express,,r***nmasyahyamaha,y***,(+62)082*******12,"	",Indonesia,Jawa Timur,Banyuwangi,**********,***********,**********,**************************************,DANA,0.25,Topi,1199315003585955389	,TikTok,,Unchecked,,,Product cards,
584434035557107054	,Selesai,Selesai,,Normal,1731418000041674221	,TS-HIGHCULT-L,TM420 High Culture T-Shirt (Cotton Combed 24s Bahan Kaos Tebal),L,1,0,175000,175000,14401,17580,143019,0,39000,0,39000,0,0,,,1400,,0,0,144419,08/06/2026 20:34:30	,08/06/2026 20:35:00	,09/06/2026 05:14:47	,09/06/2026 15:20:08	,17/06/2026 12:05:34	,"	",,,Fulfillment by seller,TM420 Warehouse,JX9630290124,Hemat,J&T Express,,d***rahendra,D***,(+62)822******73,"	",Indonesia,Sumatera Utara,Langkat,******,************,********************************************,**********************************************,QRIS,0.25,T-shirt,1199305628823815534	,TikTok,,Unchecked,,,Product cards,
584432364982404644	,Selesai,Selesai,,Normal,1730936507432404461	,WATCH-CANVAS-GREEN,TM420 Canvas Watch - Jam Tangan Arloji - Wrislet Watches Waterproof With Date,Green,1,0,279000,279000,0,0,279000,0,38000,0,38000,0,0,,,2200,2812,0,0,284012,08/06/2026 18:49:43	,17/06/2026 20:04:34	,09/06/2026 05:14:47	,09/06/2026 15:20:08	,17/06/2026 20:04:34	,"	",,,Fulfillment by seller,TM420 Warehouse,JX9633088412,Hemat,J&T Express,,b***ando_prb,b******,(+62)821******77,"	",Indonesia,Sumatera Utara,Kabupaten Karo,*********,*********,**************************,,Bayar di tempat,0.5,Jam Tangan Pria,1199294366434887204	,TikTok,,Unchecked,,,Videos,
584432038453609786	,Selesai,Selesai,Return/Refund,Normal,1730787270099437037	,BUCK-WEEDPATTERN,TM420 Weed Pattern Bucket Hat,Default,1,1,111420,111420,0,0,111420,0,9000,0,9000,0,0,111420,,1100,2250,0,0,114770,08/06/2026 18:24:18	,11/06/2026 09:08:11	,09/06/2026 05:14:47	,09/06/2026 15:21:08	,11/06/2026 09:08:11	,"	",,,Fulfillment by seller,TM420 Warehouse,JX9633948511,Pengiriman besok sampai,J&T Express,,w***iktokcomasep,A***,(+62)858******87,"	",Indonesia,Jawa Barat,Kab. Karawang,****************,**********,**********************************************,**********************************************,Bayar di tempat,0.25,Topi,1199292567393436986	,TikTok,,Unchecked,,,Product cards,
584431971987588410	,Selesai,Selesai,Return/Refund,Normal,1732819267917743597	,CRG-SAGE-32,TM420 Cargo Long Pants Green & Cream Premium Canvas,"32, Hijau",1,1,495000,495000,9293,253000,232707,0,9000,0,9000,0,0,232707,,1800,4744,0,2700,241951,08/06/2026 18:23:34	,11/06/2026 09:08:10	,09/06/2026 05:14:47	,09/06/2026 15:20:08	,11/06/2026 09:08:10	,"	",,,Fulfillment by seller,TM420 Warehouse,JX9630048012,Pengiriman besok sampai,J&T Express,,w***iktokcomasep,A***,(+62)858******87,"	",Indonesia,Jawa Barat,Kab. Karawang,****************,**********,**********************************************,**********************************************,Bayar di tempat,0.6,Celana Panjang,1199292342094955834	,TikTok,,Unchecked,,,Product cards,
584430228365870340	,Selesai,Selesai,,Normal,1730946007591585261	,TS-HPSTPLC-M,TM420 Happiest Place T-Shirt (Cotton Combed 24s Bahan Kain Tebal),M,1,0,185000,185000,35000,27580,122420,5000,75000,0,70000,0,0,,,1200,1286,0,0,129906,08/06/2026 16:10:51	,13/06/2026 09:43:21	,08/06/2026 16:15:19	,09/06/2026 15:19:11	,13/06/2026 09:43:21	,"	",,,Fulfillment by seller,TM420 Warehouse,JX9626165198,Hemat,J&T Express,,v***ourzais,V*****,(+62)813******41,"	",Indonesia,Maluku,Ambon,***********,****,****************************************************,************,Bayar di tempat,0.25,T-shirt,1199276964440802564	,TikTok,,Unchecked,,,Product cards,
584430169015748273	,Selesai,Selesai,,Normal,1731727577378096621	,TSLESS-SHINCHAN-XL,TM420 Shinchan ACAB T-Shirt (Cotton Combed 24s Crayon Sinchan Kaos Tebal Sincan 1312),XL,1,0,165000,165000,0,0,165000,28500,98500,0,70000,0,0,,,1000,1945,0,0,196445,08/06/2026 16:04:22	,18/06/2026 15:25:00	,08/06/2026 16:15:19	,09/06/2026 15:19:11	,18/06/2026 15:25:00	,"	",,,Fulfillment by seller,TM420 Warehouse,JX9627657499,Hemat,J&T Express,,r***arddd______,g******,(+62)822******69,"	",Indonesia,Papua,Kota Jayapura,*****,********,*******************************************************,********,Bayar di tempat,0.25,T-shirt,1199275811029026481	,TikTok,,Unchecked,,,Videos,
584430065315644441	,Selesai,Selesai,,Normal,1731765794459715053	,TS-LISATANI-XL,TM420 Monalisa Bertani T-Shirt (Cotton Combed 24s Kaos Tebal),XL,1,0,175000,175000,0,17580,157420,1000,56000,0,55000,0,0,,,1000,1000,0,0,160420,08/06/2026 15:55:49	,08/06/2026 15:56:27	,08/06/2026 16:15:19	,09/06/2026 15:19:12	,23/06/2026 10:59:03	,"	",,,Fulfillment by seller,TM420 Warehouse,JX9629657099,Hemat,J&T Express,,i***firmansyah_21,I**** F********* T****,(+62)895******47,"	",Indonesia,Sulawesi Tengah,Kab. Morowali,********,******,*************************************,***********************,Transfer bank,0.25,T-shirt,1199274505320694809	,TikTok,,Unchecked,,,Videos,
584429582152991778	,Selesai,Selesai,,Normal,1731544727697786349	,TS-JAMAICA-S,TM420 Jamaica T-Shirt (Cotton Combed 24s Kaos Tebal Jamaika),S,1,0,175000,175000,12594,17580,144826,0,51000,0,51000,0,0,,,1400,,0,0,146226,08/06/2026 15:16:18	,08/06/2026 15:16:19	,08/06/2026 16:15:19	,09/06/2026 15:19:11	,18/06/2026 13:38:32	,"	",,,Fulfillment by seller,TM420 Warehouse,JX9628557299,Hemat,J&T Express,,s***ju,f******,(+62)852******61,"	",Indonesia,D.I. Aceh,Kab. Aceh Besar,******************,*****,********************,*****************,TikTok Shop Balance,0.25,T-shirt,1199270067696010274	,TikTok,,Unchecked,,,Product cards,
584428946276058939	,Dibatalkan,Dibatalkan,Cancel,Normal,1730787270099437037	,BUCK-WEEDPATTERN,TM420 Weed Pattern Bucket Hat,Default,1,1,111420,111420,0,0,111420,0,38000,0,38000,0,0,111420,,1100,2250,0,0,114770,08/06/2026 14:30:17	,"	","	","	","	",08/06/2026 14:30:42	,User,Tidak perlu lagi,Fulfillment by seller,TM420 Warehouse,,Hemat,,,l***ok.hidden.vil,L***** H***** V****,(+62)822******90,"	",Indonesia,Nusa Tenggara Barat,Kab. Lombok Timur,*********,********************,*******************,*******************,Bayar di tempat,0.25,Topi,1199264235236984635	,TikTok,,Unchecked,,,Product cards,
584428678900123042	,Selesai,Selesai,,Normal,1735133582309230061	,TS-LEGALIZERINGER-L,TM420 Legalize Green Ringer T-Shirt (Cotton Combed 24s),L,1,0,200000,200000,0,33580,166420,0,34500,0,34500,0,0,,,1000,1674,0,0,169094,08/06/2026 14:12:36	,11/06/2026 10:01:06	,08/06/2026 14:22:18	,09/06/2026 15:19:11	,11/06/2026 10:01:06	,"	",,,Fulfillment by seller,TM420 Warehouse,JX9626264689,Pengiriman standar,J&T Express,,d***15,d***** a**** m****,(+62)081*******44,"	",Indonesia,East Java,Ngawi,*****,*****,************,*****************************,Bayar di tempat,0.25,T-shirt,1199261968762045858	,TikTok,,Unchecked,,,Product cards,
584428483691579349	,Dibatalkan,Dibatalkan,Cancel,Normal,1731791699399116269	,HOOD-TEACHPEACE-XL,TM420 Teach Peace Hoodie (Cotton Fleece 280gsm Sweater),XL,1,1,345000,345000,0,11580,333420,18000,38000,0,20000,0,0,333420,,2800,3542,0,0,357762,08/06/2026 13:56:15	,"	",08/06/2026 14:22:19	,09/06/2026 15:19:11	,"	",27/06/2026 10:21:25	,System,Pengiriman paket gagal,Fulfillment by seller,TM420 Warehouse,JX9621244989,Hemat,J&T Express,,a***ged.sevenfold552,A****** S********,(+62)822******86,"	",Indonesia,Nusa Tenggara Barat,Kota Bima,*************,*****,***********************************************,,Bayar di tempat,0.6,Hoodie & Jumper,1199259517757917141	,TikTok,,Unchecked,,,Product cards,
584428455875806312	,Selesai,Selesai,,Normal,1735535713856751085	,TSLS-HASHISH-XXL,TM420 Hashish Long Sleeve T-Shirt (Cotton Combed 24s),XXL,1,0,275000,275000,0,92580,182420,0,63000,0,63000,0,0,,,1000,,0,0,183420,08/06/2026 13:53:22	,08/06/2026 13:53:25	,08/06/2026 14:22:19	,09/06/2026 15:19:11	,13/06/2026 08:09:59	,"	",,,Fulfillment by seller,TM420 Warehouse,JX9627264089,Hemat,J&T Express,,t***n12,a******* r********,(+62)823******12,"	",Indonesia,Maluku Utara,Ternate,***************,******,******,****************************,PayLater,0.25,T-shirt,1199258739863618664	,TikTok,,Unchecked,,,Product cards,
584427882980017640	,Selesai,Selesai,,Normal,1730789815682762221	,HELM-BW-M,TM420 Retro Helmet Marzano,M,1,0,389420,389420,44116,0,345304,0,48000,0,48000,0,0,,,2700,3480,0,0,351484,08/06/2026 13:13:01	,11/06/2026 09:22:03	,08/06/2026 14:22:19	,09/06/2026 16:16:30	,11/06/2026 09:22:03	,"	",,,Fulfillment by seller,TM420 Warehouse,JX9623224389,Pengiriman standar,J&T Express,,r***faridwajdi20,R*** F*********,(+62)813******59,"	",Indonesia,Banten,Kota Serang,********,*******,******************************************************,**************************************,Bayar di tempat,1.35,Helm,1199253422534591976	,TikTok,,Unchecked,,,Videos,otomotif.elektronik_15
584427780004415026	,Selesai,Selesai,,Normal,1730936507432404461	,WATCH-CANVAS-GREEN,TM420 Canvas Watch - Jam Tangan Arloji - Wrislet Watches Waterproof With Date,Green,1,0,279000,279000,0,0,279000,23000,53000,0,30000,0,0,,,2400,3044,0,0,307444,08/06/2026 13:04:29	,24/06/2026 17:14:22	,08/06/2026 14:22:16	,09/06/2026 15:20:08	,24/06/2026 17:14:22	,"	",,,Fulfillment by seller,TM420 Warehouse,JX9628364089,Hemat,J&T Express,,b***embar47,p****,(+62)853******01,"	",Indonesia,Sulawesi Tenggara,Kab. Konawe,*****,********,***************,,Bayar di tempat,0.5,Jam Tangan Pria,1199252506563216946	,TikTok,,Unchecked,,,Videos,
584427345351181892	,Selesai,Selesai,,Normal,1730929170101208557	,TRUCK-GREEN,TM420 Trucker Hat Green Peace,Default,1,0,113420,113420,17013,0,96407,0,10500,0,10500,0,0,,,1400,,0,0,97807,08/06/2026 12:32:22	,08/06/2026 12:33:08	,08/06/2026 14:22:16	,09/06/2026 15:20:08	,10/06/2026 16:18:28	,"	",,,Fulfillment by seller,TM420 Warehouse,JX9628384089,Pengiriman besok sampai,J&T Express,,i***m42730,i****,(+62)858******34,"	",Indonesia,DKI Jakarta,Kota Administrasi Jakarta Barat,********,********,***********************************************************************************************************************************************************************,*****************************************************************************************************************************,QRIS,0.25,Topi,1199248095268931140	,TikTok,,Unchecked,,,Videos,
584426290816255342	,Selesai,Selesai,,Normal,1730936507432404461	,WATCH-CANVAS-GREEN,TM420 Canvas Watch - Jam Tangan Arloji - Wrislet Watches Waterproof With Date,Green,1,0,279000,279000,0,0,279000,0,22000,0,22000,0,0,,,2200,2812,0,0,284012,08/06/2026 11:23:36	,15/06/2026 13:18:02	,08/06/2026 14:22:16	,09/06/2026 15:19:12	,15/06/2026 13:18:02	,"	",,,Fulfillment by seller,TM420 Warehouse,JX9627597381,Hemat,J&T Express,,t***tyninejkrt,h****,(+62)877******84,"	",Indonesia,Bali,Kab. Badung,****,******,******************,*************,Bayar di tempat,0.5,Jam Tangan Pria,1199238451580077422	,TikTok,,Unchecked,,,Product cards,
584425603524626142	,Selesai,Selesai,,Normal,1730945623285204461	,TS-PEACEFULLIFE-L,TM420 Peaceful Life T-Shirt (Cotton Combed 24s Bahan Kain Tebal),L,1,0,185000,185000,19684,27580,137736,0,63000,0,63000,0,0,,,1083,4231,0,0,427371,08/06/2026 10:34:55	,13/06/2026 11:38:28	,08/06/2026 14:22:16	,09/06/2026 15:19:11	,13/06/2026 11:38:28	,"	",,,Fulfillment by seller,TM420 Warehouse,JX9628377981,Hemat,J&T Express,,b***90.madiali,F******* A s*****,(+62)812******67,"	",Indonesia,Maluku Utara,Kota Ternate,*************,*********,***************************************,,Bayar di tempat,0.25,T-shirt,1199231575159572190	,TikTok,,Unchecked,,,Product cards,
584425603524626142	,Selesai,Selesai,,Normal,1731418073856837101	,TS-WILDFIRE-L,TM420 Wildfire T-Shirt (Cotton Combed 24s),L,1,0,185000,185000,19684,27580,137736,0,63000,0,63000,0,0,,,1082,4231,0,0,427371,08/06/2026 10:34:55	,13/06/2026 11:38:28	,08/06/2026 14:22:16	,09/06/2026 15:19:11	,13/06/2026 11:38:28	,"	",,,Fulfillment by seller,TM420 Warehouse,JX9628377981,Hemat,J&T Express,,b***90.madiali,F******* A s*****,(+62)812******67,"	",Indonesia,Maluku Utara,Kota Ternate,*************,*********,***************************************,,Bayar di tempat,0.25,T-shirt,1199231575159572190	,TikTok,,Unchecked,,,Product cards,
584425603524626142	,Selesai,Selesai,,Normal,1731727577378031085	,TSLESS-SHINCHAN-L,TM420 Shinchan ACAB T-Shirt (Cotton Combed 24s Crayon Sinchan Kaos Tebal Sincan 1312),L,1,0,165000,165000,20632,0,144368,0,63000,0,63000,0,0,,,1135,4231,0,0,427371,08/06/2026 10:34:55	,13/06/2026 11:38:28	,08/06/2026 14:22:16	,09/06/2026 15:19:11	,13/06/2026 11:38:28	,"	",,,Fulfillment by seller,TM420 Warehouse,JX9628377981,Hemat,J&T Express,,b***90.madiali,F******* A s*****,(+62)812******67,"	",Indonesia,Maluku Utara,Kota Ternate,*************,*********,***************************************,,Bayar di tempat,0.25,T-shirt,1199231575159572190	,TikTok,,Unchecked,,,Product cards,
584425331883345690	,Selesai,Selesai,,Normal,1734087090948441581	,STICKPACK-MEDICATION,TM420 Sticker Pack (Stiker),Medication,1,0,42000,42000,0,23580,18420,17000,17000,0,0,0,0,,,1000,364,0,0,36784,08/06/2026 10:08:43	,10/06/2026 17:39:25	,08/06/2026 10:27:00	,08/06/2026 14:52:29	,10/06/2026 17:39:25	,"	",,,Fulfillment by seller,TM420 Warehouse,JX9629764857,Hemat,J&T Express,,_***flower493,M******,(+62)857******30,"	",Indonesia,Sumatera Selatan,Kota Palembang,****,****,****************************************,,Bayar di tempat,0.1,Stiker Dekoratif,1199228335494432538	,TikTok,,Unchecked,,,Product cards,
584425040122120147	,Selesai,Selesai,,Normal,1730936748591252973	,TS-DOODLE-L,TM420 The Doodle T-Shirt (Cotton Combed 24s Bahan Kain Tebal),L,1,0,185000,185000,12594,27580,144826,29500,29500,0,0,0,0,,,1000,1753,0,0,177079,08/06/2026 09:52:33	,15/06/2026 15:25:15	,08/06/2026 10:27:00	,08/06/2026 14:57:28	,15/06/2026 15:25:15	,"	",,,Fulfillment by seller,TM420 Warehouse,JX9628596153,Hemat,J&T Express,,d***eyy17,R*** F******* ,(+62)082*******67,"	",Indonesia,Sumatera Utara,Kabupaten Deli Serdang,**************,****************,**************************************************************************,,Bayar di tempat,0.25,T-shirt,1199226015669520339	,TikTok,,Unchecked,,,Product cards,
584423485981099588	,Selesai,Selesai,,Normal,1734542592460948973	,TSOV-RELAX-XL,TM420 Relax - Oversize T-Shirt (Cotton Combed 20s - Bahan Kain Tebal OS Boxy),XL,1,0,225000,225000,33284,58580,133136,0,35500,0,35500,0,0,,,1300,1344,0,0,135780,08/06/2026 07:41:17	,10/06/2026 15:38:03	,08/06/2026 10:27:00	,08/06/2026 14:57:28	,10/06/2026 15:38:03	,"	",,,Fulfillment by seller,TM420 Warehouse,JX9629516153,Pengiriman standar,J&T Express,,a***wok810,A****** G**** B********,(+62)821******48,"	",Indonesia,Jawa Timur,Kabupaten Blitar,********,********,***********************************************************************************************,,Bayar di tempat,0.25,T-shirt,1199203644564604484	,TikTok,,Unchecked,,,Product cards,
584423441495852612	,Dibatalkan,Dibatalkan,Cancel,Normal,1734542592461014509	,TSOV-RELAX-XXL,TM420 Relax - Oversize T-Shirt (Cotton Combed 20s - Bahan Kain Tebal OS Boxy),XXL,1,1,225000,225000,33284,58580,133136,0,35500,0,35500,0,0,133136,,1300,1344,0,0,135780,08/06/2026 07:39:23	,"	","	","	","	",08/06/2026 07:40:52	,User,Perlu mengubah metode pembayaran,Fulfillment by seller,TM420 Warehouse,,Pengiriman standar,,,a***wok810,A****** G**** B********,(+62)821******48,"	",Indonesia,Jawa Timur,Kabupaten Blitar,********,********,***********************************************************************************************,,Bayar di tempat,0.25,T-shirt,1199203405796902468	,TikTok,,Unchecked,,,Product cards,
584422577818338323	,Selesai,Selesai,,Normal,1733365810357437933	,PARFUM-CHERISH,TM420 Eau De Parfum | LOTUS HIGH & CHERISH LIFE - Aroma Segar dan Manis Yang Menenangkan & Penuh Kenangan!,Cherish Life,1,0,150000,150000,11480,0,138520,0,10500,0,10500,0,0,,,0,,0,0,362000,08/06/2026 05:53:55	,08/06/2026 05:54:29	,08/06/2026 10:26:57	,08/06/2026 14:56:29	,09/06/2026 18:06:51	,"	",,,Fulfillment by seller,TM420 Warehouse,JX9626516353,Pengiriman besok sampai,J&T Express,,d***e0297,D****,(+62)852******75,"	",Indonesia,DKI Jakarta,Kota Administrasi Jakarta Timur,***********,**********,**************************,,DANA,0.5,Parfum Uniseks,1199194214444074003	,TikTok,,Unchecked,,,Product cards,
584422577818338323	,Selesai,Selesai,,Normal,1732819267917612525	,CRG-SAGE-30,TM420 Cargo Long Pants Green & Cream Premium Canvas,"30, Hijau",1,0,495000,495000,18520,253000,223480,0,10500,0,10500,0,0,,,0,,0,0,362000,08/06/2026 05:53:55	,08/06/2026 05:54:29	,08/06/2026 10:26:57	,08/06/2026 14:56:29	,09/06/2026 18:06:51	,"	",,,Fulfillment by seller,TM420 Warehouse,JX9626516353,Pengiriman besok sampai,J&T Express,,d***e0297,D****,(+62)852******75,"	",Indonesia,DKI Jakarta,Kota Administrasi Jakarta Timur,***********,**********,**************************,,DANA,0.6,Celana Panjang,1199194214444074003	,TikTok,,Unchecked,,,Product cards,
584422327102964835	,Selesai,Selesai,,Normal,1730936507432469997	,WATCH-CANVAS-BLACK,TM420 Canvas Watch - Jam Tangan Arloji - Wrislet Watches Waterproof With Date,Black,1,0,279000,279000,11160,0,267840,16000,16000,0,0,0,0,,,0,240,0,0,284080,08/06/2026 05:11:57	,08/06/2026 05:14:47	,08/06/2026 10:26:57	,08/06/2026 14:56:29	,10/06/2026 17:33:03	,"	",,,Fulfillment by seller,TM420 Warehouse,JX9623684757,Hemat,J&T Express,,k***cilll,t****,(+62)857******07,"	",Indonesia,Lampung,Bandar Lampung,******************,***********,*******************,****************************,Transfer bank,0.5,Jam Tangan Pria,1199192916325729379	,TikTok,,Unchecked,,,Videos,
584420073737389355	,Selesai,Selesai,,Normal,1730936507432469997	,WATCH-CANVAS-BLACK,TM420 Canvas Watch - Jam Tangan Arloji - Wrislet Watches Waterproof With Date,Black,1,0,279000,279000,0,0,279000,0,38000,0,38000,0,0,,,0,2790,0,0,281790,07/06/2026 22:57:02	,14/06/2026 11:51:31	,08/06/2026 10:26:57	,08/06/2026 14:57:28	,14/06/2026 11:51:31	,"	",,,Fulfillment by seller,TM420 Warehouse,JX9623884457,Hemat,J&T Express,,r***.mahendra540,R*** M*******,(+62)877******57,"	",Indonesia,Nusa Tenggara Barat,Kab. Lombok Tengah,*****,***********,********************************,****************************,Bayar di tempat,0.5,Jam Tangan Pria,1199180148191561003	,TikTok,,Unchecked,,,Product cards,
584419993004180875	,Dibatalkan,Dibatalkan,Cancel,Normal,1731641808855074285	,TS-GOODNATURE-L,TM420 Nature Is Good T-Shirt (Cotton Combed 24s Kaos Bahan Kain Tebal),L,1,1,175000,175000,25000,17580,132420,0,10000,0,10000,0,0,132420,,0,1324,0,0,133744,07/06/2026 22:49:51	,"	","	","	","	",07/06/2026 22:53:20	,User,Tidak perlu lagi,Fulfillment by seller,TM420 Warehouse,,Hemat,,,2***b95,Y****,(+62)895******90,"	",Indonesia,Bengkulu,Kota Bengkulu,**********,********,***************************,********************,Bayar di tempat,0.25,T-shirt,1199179564351325579	,TikTok,,Unchecked,,,Product cards,
584418716634023051	,Selesai,Selesai,,Normal,1730796413820765677	,TS-PUCUK-L,TM420 The Pucuk T-Shirt (Cotton Combed 30s Kaos Daun Natural),L,1,0,185000,185000,392,27580,157028,1000,36000,0,35000,0,0,,,1349,,0,0,159377,07/06/2026 21:28:54	,07/06/2026 21:29:03	,08/06/2026 10:26:57	,08/06/2026 14:57:28	,14/06/2026 15:37:34	,"	",,,Fulfillment by seller,TM420 Warehouse,JX9621236053,Hemat,J&T Express,,r***alfahlevi,r************,(+62)815******11,"	",Indonesia,Kalimantan Barat,Kab. Sambas,******,*************,**************************************,**************************************,TikTok Shop Balance,0.25,T-shirt,1199174682923664523	,TikTok,,Unchecked,,,Product cards,
584415442803656448	,Selesai,Selesai,Return/Refund,Normal,1730830106481559021	,PLC-PEACE-CREAM,TM420 Peace Polocap Baseball Cap/Hat/Topi Original,Creamy,1,1,111420,111420,0,0,111420,0,11000,0,11000,0,0,111420,,1100,1125,0,0,113645,07/06/2026 18:10:13	,09/06/2026 12:11:59	,07/06/2026 18:25:37	,08/06/2026 14:57:28	,09/06/2026 12:11:59	,"	",,,Fulfillment by seller,TM420 Warehouse,JX9618731373,Pengiriman besok sampai,J&T Express,,i***hitamm899,j******,(+62)895******30,"	",Indonesia,Jawa Barat,Kab. Bogor,********,*******,******************************,*******************************************************************************,Bayar di tempat,0.15,Topi,1199157303132653312	,TikTok,,Unchecked,,,Product cards,
584414927675623419	,Selesai,Selesai,,Normal,1730830106481624557	,PLC-PEACE-BLACK,TM420 Peace Polocap Baseball Cap/Hat/Topi Original,Black,1,0,111420,111420,0,0,111420,0,26000,0,26000,0,0,,,1100,,0,0,112520,07/06/2026 17:38:24	,07/06/2026 17:39:22	,07/06/2026 18:25:37	,08/06/2026 14:56:29	,10/06/2026 15:31:35	,"	",,,Fulfillment by seller,TM420 Warehouse,JX9617509167,Hemat,J&T Express,,u***owzzz__,m******* r**** a******,(+62)896******82,"	",Indonesia,Lampung,Kabupaten Tanggamus,**********,**********,**********************************************************************************************,,QRIS,0.15,Topi,1199154235738458107	,TikTok,,Unchecked,,,Product cards,
584413347961013849	,Selesai,Selesai,,Normal,1731718695284278765	,TS-HIGHALIEN-M,TM420 High Alien T-Shirt (Cotton Combed 24s Kaos Tebal Alien),M,1,0,175000,175000,50000,17580,107420,0,75000,0,75000,0,0,,,0,1074,0,0,108494,07/06/2026 15:41:09	,12/06/2026 09:43:08	,07/06/2026 17:31:25	,08/06/2026 14:52:29	,12/06/2026 09:43:08	,"	",,,Fulfillment by seller,TM420 Warehouse,JX9611867264,Hemat,J&T Express,,y***nna3466,P***** t*******,(+62)812******50,"	",Indonesia,Maluku,Kota Ambon,********,*******,****************************************************,,Bayar di tempat,0.25,T-shirt,1199142360657921625	,TikTok,,Unchecked,,,Product cards,
584408947144361816	,Selesai,Selesai,,Normal,1730786878808753645	,TS-SMOKEWEED-L,TM420 Smoke Weed T-Shirt (Cotton Combed 24s Bahan Tebal),L,1,0,185000,185000,23613,27580,133807,0,34500,0,34500,0,0,,,0,2676,0,0,270290,07/06/2026 10:48:14	,10/06/2026 13:10:59	,07/06/2026 12:55:16	,08/06/2026 14:57:28	,10/06/2026 13:10:59	,"	",,,Fulfillment by seller,TM420 Warehouse,JX9610260252,Pengiriman standar,J&T Express,,y***rdh,y*** a****,(+62)856******01,"	",Indonesia,Jawa Timur,Kabupaten Malang,********,*********,******,************,Bayar di tempat,0.25,T-shirt,1199109442931296088	,TikTok,,Unchecked,,,Product cards,
584408947144361816	,Selesai,Selesai,,Normal,1730945878193112557	,TS-GTA-L,TM420 GTA Smoke & Fly Grand Theft Auto T-Shirt (Cotton Combed 24s Bahan Kain Tebal),L,1,0,185000,185000,23613,27580,133807,0,34500,0,34500,0,0,,,0,2676,0,0,270290,07/06/2026 10:48:14	,10/06/2026 13:10:59	,07/06/2026 12:55:16	,08/06/2026 14:57:28	,10/06/2026 13:10:59	,"	",,,Fulfillment by seller,TM420 Warehouse,JX9610260252,Pengiriman standar,J&T Express,,y***rdh,y*** a****,(+62)856******01,"	",Indonesia,Jawa Timur,Kabupaten Malang,********,*********,******,************,Bayar di tempat,0.25,T-shirt,1199109442931296088	,TikTok,,Unchecked,,,Product cards,
584403680129877123	,Selesai,Selesai,,Normal,1730787270099437037	,BUCK-WEEDPATTERN,TM420 Weed Pattern Bucket Hat,Default,1,0,111420,111420,0,0,111420,0,10500,0,10500,0,0,,,1100,1125,0,0,113645,07/06/2026 00:08:05	,09/06/2026 16:33:05	,07/06/2026 12:55:16	,08/06/2026 14:56:29	,09/06/2026 16:33:05	,"	",,,Fulfillment by seller,TM420 Warehouse,JX9610280252,Pengiriman besok sampai,J&T Express,,m***orengg.kuah,z*****,(+62)813******56,"	",Indonesia,DKI Jakarta,Jakarta Utara,*************,************,**************************************************************************************************************,***********,Bayar di tempat,0.25,Topi,1199072789290648707	,TikTok,,Unchecked,,,Product cards,
584403185353655460	,Selesai,Selesai,,Normal,1734087090948441581	,STICKPACK-MEDICATION,TM420 Sticker Pack (Stiker),Medication,1,0,42000,42000,0,23580,18420,0,34500,0,34500,0,0,,,1000,194,0,0,19614,06/06/2026 23:23:26	,10/06/2026 17:31:49	,07/06/2026 12:55:17	,08/06/2026 14:53:31	,10/06/2026 17:31:49	,"	",,,Fulfillment by seller,TM420 Warehouse,JX9617532553,Pengiriman standar,J&T Express,,g***3480,f****** f****,(+62)857******44,"	",Indonesia,Jawa Timur,Kab. Malang,***,********,********,********************,Bayar di tempat,0.1,Stiker Dekoratif,1199069824553223332	,TikTok,,Unchecked,,,Product cards,
584402651479967397	,Selesai,Selesai,,Normal,1730926901301839341	,SNAP-HIGH-GREEN,TM420 High Snapback Original,Green,1,0,123420,123420,17279,0,106141,0,11000,0,11000,0,0,,,994,,0,0,107135,06/06/2026 22:55:42	,06/06/2026 22:57:01	,07/06/2026 12:55:18	,08/06/2026 14:57:28	,09/06/2026 18:22:18	,"	",,,Fulfillment by seller,TM420 Warehouse,JX9618532553,Pengiriman besok sampai,J&T Express,,d***rtrico,d*********,(+62)813******93,"	",Indonesia,Jawa Barat,Kota Bekasi,***********,**********,*************************************,****************************,QRIS,0.25,Topi,1199068202080175781	,TikTok,,Unchecked,,,Product cards,
584401328006202531	,Selesai,Selesai,,Normal,1730787793725261293	,ASH-ACAB,TM420 Ashtray (Asbak Keramik Motif Ayam dan Babi),Ayam,1,0,69420,69420,0,0,69420,7000,7000,0,0,0,0,,0,0,,500,0,76920,06/06/2026 21:38:32	,06/06/2026 21:38:48	,07/06/2026 12:55:19	,08/06/2026 14:52:29	,09/06/2026 08:43:18	,"	",,,Fulfillment by seller,TM420 Warehouse,JX9619452953,Pengiriman standar,J&T Express,,o*** o***ne,A** b******,(+62)813******55,*****	,Indonesia,Jawa Barat,Kota Bandung,*********,*********,*************************************,,Transfer bank,0.5,Aks. Korek Api Elektrik,1199061964486116515	,Tokopedia,,Unchecked,,,Product cards,
584400722456053456	,Selesai,Selesai,,Normal,1730945623285204461	,TS-PEACEFULLIFE-L,TM420 Peaceful Life T-Shirt (Cotton Combed 24s Bahan Kain Tebal),L,1,0,185000,185000,22000,27580,135420,0,36000,0,36000,0,0,,,1300,,0,0,136720,06/06/2026 21:08:38	,06/06/2026 21:09:11	,07/06/2026 12:55:19	,08/06/2026 14:57:28	,14/06/2026 14:28:55	,"	",,,Fulfillment by seller,TM420 Warehouse,JX9619572553,Hemat,J&T Express,,t***call,R****** a***** k*******,(+62)831******05,"	",Indonesia,Kalimantan Barat,Kab. Sambas,******,********,*********************************,*****************************************************************************************************************************,QRIS,0.25,T-shirt,1199059740085487312	,TikTok,,Unchecked,,,Product cards,
584400456679654729	,Dibatalkan,Dibatalkan,Cancel,Normal,1734219437351732717	,TS-SOHIGH-L,TM420 Relax and So High Oversize T-Shirt (Cotton Combed 20s - Bahan Kain Tebal OS Boxy),L,1,1,225000,225000,5000,58580,161420,0,24500,0,24500,0,0,161420,,0,3228,0,0,164648,06/06/2026 21:01:54	,"	",07/06/2026 12:55:20	,"	","	",11/06/2026 00:46:18	,System,Otomatis dibatalkan karena melewati batas waktu pick up,Fulfillment by seller,TM420 Warehouse,JX9614672653,Hemat,J&T Express,,m***mmad.idzen.ab,I**** A*****,(+62)821******17,"	",Indonesia,Lampung,Kab. Lampung Utara,****************,************,*********************************,************************,Bayar di tempat,0.25,T-shirt,1199058748602811721	,TikTok,,Unchecked,,,LIVE,tm420.official
584400107058595324	,Selesai,Selesai,Return/Refund,Normal,1730945928619001325	,TS-NURTURE-XL,TM420 Nurture The Nature T-Shirt (Cotton Combed 24s Bahan Kain Tebal),XL,1,1,133420,133420,5000,0,128420,0,47000,0,47000,0,0,128420,,1200,1296,0,0,130916,06/06/2026 20:43:03	,15/06/2026 11:46:18	,07/06/2026 12:55:20	,08/06/2026 14:52:29	,15/06/2026 11:46:18	,"	",,,Fulfillment by seller,TM420 Warehouse,JX9614692653,Hemat,J&T Express,,r***el_rich,R*****,(+62)082*******20,"	",Indonesia,Sulawesi Selatan,Kabupaten Luwu,******,*********,**************************************,,Bayar di tempat,0.25,T-shirt,1199056481842267644	,TikTok,,Unchecked,,,LIVE,tm420.official
584399740909290727	,Selesai,Selesai,,Normal,1735529656927684077	,FLA-DARKBLUES-L,TM420 Flanel Boxy Shirt Collecion (Cutting Oversize - Kemeja Flanel),"Dark Blues, L",1,0,275000,275000,10313,80580,184107,68000,138000,0,70000,0,0,,,2000,2541,0,0,256648,06/06/2026 20:23:05	,15/06/2026 13:04:46	,07/06/2026 12:55:22	,08/06/2026 14:55:27	,15/06/2026 13:04:46	,"	",,,Fulfillment by seller,TM420 Warehouse,JX9616692353,Hemat,J&T Express,,m***n238,A***,(+62)821******29,"	",Indonesia,Papua,Kab. Jayapura,*******,************,**********,*******,Bayar di tempat,0.25,Kemeja,1199056120745133287	,TikTok,,Unchecked,,,LIVE,tm420.official
584399574148548164	,Dibatalkan,Dibatalkan,Cancel,Normal,1734542592461014509	,TSOV-RELAX-XXL,TM420 Relax - Oversize T-Shirt (Cotton Combed 20s - Bahan Kain Tebal OS Boxy),XXL,1,1,225000,225000,5000,58580,161420,0,35500,0,35500,0,0,161420,,1000,,0,0,162420,06/06/2026 20:15:52	,"	","	","	","	",07/06/2026 20:15:54	,System,Pesanan dibatalkan karena pembeli terlambat membayar,Fulfillment by seller,TM420 Warehouse,,Pengiriman standar,,,a***wok810,A****** G**** B********,(+62)821******48,"	",Indonesia,Jawa Timur,Kabupaten Blitar,********,********,***********************************************************************************************,,TikTok Shop Balance + QRIS,0.25,T-shirt,"	",TikTok,,,,,LIVE,tm420.official
584399040732956368	,Selesai,Selesai,,Normal,1730945878193112557	,TS-GTA-L,TM420 GTA Smoke & Fly Grand Theft Auto T-Shirt (Cotton Combed 24s Bahan Kain Tebal),L,1,0,185000,185000,7871,27580,149549,0,38000,0,38000,0,0,,,1400,1509,0,0,152458,06/06/2026 19:51:17	,14/06/2026 13:27:04	,07/06/2026 12:55:13	,08/06/2026 14:52:29	,14/06/2026 13:27:04	,"	",,,Fulfillment by seller,TM420 Warehouse,JX9612040152,Hemat,J&T Express,,i***__,r***********,(+62)878******83,"	",Indonesia,Nusa Tenggara Barat,Kab. Lombok Tengah,**********,*********************,***************************,*********,Bayar di tempat,0.25,T-shirt,1199051329148651216	,TikTok,,Unchecked,,,Product cards,
584396987648935157	,Selesai,Selesai,,Normal,1735536444149368301	,TS-SAYUR-L,TM420 Sayur 4 Sehat 20 Sejahtera Vegetable T-Shirt (Cotton Combed 24s),L,1,0,250000,250000,31484,92580,125936,0,14000,0,14000,0,0,,0,1000,,1100,9900,137936,06/06/2026 17:51:31	,06/06/2026 17:51:46	,07/06/2026 12:55:13	,08/06/2026 14:57:28	,09/06/2026 13:04:34	,"	",,,Fulfillment by seller,TM420 Warehouse,JX9612532753,Pengiriman standar,J&T Express,,m***mmad I***han,m******* I******,(+62)895******17,*****	,Indonesia,Jawa Barat,Kab. Bogor,********,*********,*********************************************************************************************,*****************,GoPay,0.25,T-shirt,1199038717205578997	,Tokopedia,,Unchecked,,,Product cards,
584396644765172925	,Selesai,Selesai,,Normal,1731544727697786349	,TS-JAMAICA-S,TM420 Jamaica T-Shirt (Cotton Combed 24s Kaos Tebal Jamaika),S,1,0,175000,175000,5000,17580,152420,0,16500,0,16500,0,0,,,1000,1534,0,0,154954,06/06/2026 17:26:53	,10/06/2026 11:07:54	,07/06/2026 12:55:13	,08/06/2026 14:52:29	,10/06/2026 11:07:54	,"	",,,Fulfillment by seller,TM420 Warehouse,JX9613140052,Pengiriman standar,J&T Express,,_***nnd,A*** D****,(+62)859******42,"	",Indonesia,Banten,Kabupaten Serang,*****,******,********************************************************************************************,************,Bayar di tempat,0.25,T-shirt,1199035689457648829	,TikTok,,Unchecked,,,Product cards,
584395490843264503	,Selesai,Selesai,,Normal,1731417994842113517	,TS-AVICENNA-XL,TM420 Avicenna T-Shirt (Cotton Combed 30s Kaos Ibnu Sina),XL,1,0,185000,185000,0,0,185000,0,49000,0,49000,0,0,,,1020,,0,0,638340,06/06/2026 16:15:27	,06/06/2026 16:15:51	,07/06/2026 12:55:13	,08/06/2026 14:56:29	,15/06/2026 12:41:48	,"	",,,Fulfillment by seller,TM420 Warehouse,JX9612980751,Hemat,J&T Express,,a***arifkyyyyyyyyyyyyy,A**** R****,(+62)822******35,"	",Indonesia,Aceh,Aceh Tengah,*******,*************,************************,,QRIS,0.25,T-shirt,1199026776671618551	,TikTok,,Unchecked,,,Product cards,
584395490843264503	,Selesai,Selesai,,Normal,1731544727697982957	,TS-JAMAICA-XL,TM420 Jamaica T-Shirt (Cotton Combed 24s Kaos Tebal Jamaika),XL,1,0,175000,175000,15747,17580,141673,0,49000,0,49000,0,0,,,781,,0,0,638340,06/06/2026 16:15:27	,06/06/2026 16:15:51	,07/06/2026 12:55:13	,08/06/2026 14:56:29	,15/06/2026 12:41:48	,"	",,,Fulfillment by seller,TM420 Warehouse,JX9612980751,Hemat,J&T Express,,a***arifkyyyyyyyyyyyyy,A**** R****,(+62)822******35,"	",Indonesia,Aceh,Aceh Tengah,*******,*************,************************,,QRIS,0.25,T-shirt,1199026776671618551	,TikTok,,Unchecked,,,Product cards,
584395490843264503	,Selesai,Selesai,,Normal,1732289951492900333	,TS-PC-BLACK-XL,TM420 Peace Flowers T-Shirt (Cotton Combed 24s Bahan Kaos Tebal),"XL, Black",1,0,185000,185000,18506,0,166494,0,49000,0,49000,0,0,,,918,,0,0,638340,06/06/2026 16:15:27	,06/06/2026 16:15:51	,07/06/2026 12:55:13	,08/06/2026 14:56:29	,15/06/2026 12:41:48	,"	",,,Fulfillment by seller,TM420 Warehouse,JX9612980751,Hemat,J&T Express,,a***arifkyyyyyyyyyyyyy,A**** R****,(+62)822******35,"	",Indonesia,Aceh,Aceh Tengah,*******,*************,************************,,QRIS,0.25,T-shirt,1199026776671618551	,TikTok,,Unchecked,,,Product cards,
584395490843264503	,Selesai,Selesai,,Normal,1730786878808819181	,TS-SMOKEWEED-XL,TM420 Smoke Weed T-Shirt (Cotton Combed 24s Bahan Tebal),XL,1,0,185000,185000,15747,27580,141673,0,49000,0,49000,0,0,,,781,,0,0,638340,06/06/2026 16:15:27	,06/06/2026 16:15:51	,07/06/2026 12:55:13	,08/06/2026 14:56:29	,15/06/2026 12:41:48	,"	",,,Fulfillment by seller,TM420 Warehouse,JX9612980751,Hemat,J&T Express,,a***arifkyyyyyyyyyyyyy,A**** R****,(+62)822******35,"	",Indonesia,Aceh,Aceh Tengah,*******,*************,************************,,QRIS,0.25,T-shirt,1199026776671618551	,TikTok,,Unchecked,,,Product cards,
584394507586995231	,Selesai,Selesai,,Normal,1734542287734015469	,TSLS-ORGANICCLUB-XXL,TM420 Organic Club Long Sleeve T-Shirt (Cotton Combed 24s),XXL,1,0,225000,225000,5000,52580,167420,0,11000,0,11000,0,0,,,1000,1000,0,0,169420,06/06/2026 15:09:06	,06/06/2026 15:09:37	,06/06/2026 15:14:55	,06/06/2026 23:19:32	,08/06/2026 10:06:47	,"	",,,Fulfillment by seller,TM420 Warehouse,JX9605177186,Pengiriman besok sampai,J&T Express,,s***ullah.f,e**,(+62)081*******68,"	",Indonesia,Banten,Kab. Tangerang,******,**********,****************************************************,************,Transfer bank,0.25,T-shirt,1199017086743118879	,TikTok,,Unchecked,,,Product cards,
584394478951302175	,Dibatalkan,Dibatalkan,Cancel,Normal,1734542287734015469	,TSLS-ORGANICCLUB-XXL,TM420 Organic Club Long Sleeve T-Shirt (Cotton Combed 24s),XXL,1,1,225000,225000,12095,52580,160325,11000,11000,0,0,0,0,160325,,1391,1727,0,0,174443,06/06/2026 15:04:28	,"	","	","	","	",06/06/2026 15:05:56	,User,Perlu mengubah metode pembayaran,Fulfillment by seller,TM420 Warehouse,,Pengiriman besok sampai,,,s***ullah.f,e**,(+62)081*******68,"	",Indonesia,Banten,Kab. Tangerang,******,**********,****************************************************,************,Bayar di tempat,0.25,T-shirt,1199017226027959327	,TikTok,,Unchecked,,,Product cards,
584394046787978427	,Selesai,Selesai,,Normal,1730790205359490541	,TSTD-RELAX-M,TM420 Relax Washed T-Shirt (Cotton Combed 24s Bahan Kaos Tebal Washing TieDye),M,1,0,185000,185000,2370,27580,155050,0,53000,0,53000,0,0,,,1200,4558,0,0,460404,06/06/2026 14:46:15	,15/06/2026 16:33:58	,06/06/2026 14:52:45	,06/06/2026 18:07:06	,15/06/2026 16:33:58	,"	",,,Fulfillment by seller,TM420 Warehouse,JX9603014983,Hemat,J&T Express,,p***yo_o,R**********,(+62)838******23,"	",Indonesia,Sulawesi Tengah,Kab. Donggala,**********,*************,****************,****************,Bayar di tempat,0.25,T-shirt,1199014197539013819	,TikTok,,Unchecked,,,Product cards,
584394046787978427	,Selesai,Selesai,,Normal,1730958904618419693	,DUPA-UNGU,"Dupa Wangi Aromaterapi (20pcs Incense Stick With Jasmine, Agarwood - Gaharu, Vanilla Flavour)",Vanilla Meditation,1,0,18420,18420,2856,0,15564,0,53000,0,53000,0,0,,,120,4558,0,0,460404,06/06/2026 14:46:15	,15/06/2026 16:33:58	,06/06/2026 14:52:45	,06/06/2026 18:07:06	,15/06/2026 16:33:58	,"	",,,Fulfillment by seller,TM420 Warehouse,JX9603014983,Hemat,J&T Express,,p***yo_o,R**********,(+62)838******23,"	",Indonesia,Sulawesi Tengah,Kab. Donggala,**********,*************,****************,****************,Bayar di tempat,0.2,Dupa,1199014197539013819	,TikTok,,Unchecked,,,Product cards,
584394046787978427	,Selesai,Selesai,,Normal,1731791699399050733	,HOOD-TEACHPEACE-L,TM420 Teach Peace Hoodie (Cotton Fleece 280gsm Sweater),L,1,0,345000,345000,51688,11580,281732,0,53000,0,53000,0,0,,,2180,4558,0,0,460404,06/06/2026 14:46:15	,15/06/2026 16:33:58	,06/06/2026 14:52:45	,06/06/2026 18:07:06	,15/06/2026 16:33:58	,"	",,,Fulfillment by seller,TM420 Warehouse,JX9603014983,Hemat,J&T Express,,p***yo_o,R**********,(+62)838******23,"	",Indonesia,Sulawesi Tengah,Kab. Donggala,**********,*************,****************,****************,Bayar di tempat,0.6,Hoodie & Jumper,1199014197539013819	,TikTok,,Unchecked,,,Product cards,
584392429835486702	,Selesai,Selesai,,Normal,1731641495159145965	,GDBG-CIRBROWN,TM420 Goodie Bag Circle Smile - Tote Bag,Brown,1,0,7420,7420,0,0,7420,0,12000,0,12000,0,0,,,1000,88,0,350,8858,06/06/2026 13:07:30	,08/06/2026 08:37:51	,06/06/2026 14:09:00	,06/06/2026 18:07:06	,08/06/2026 08:37:51	,"	",,,Fulfillment by seller,TM420 Warehouse,JX9603626377,Pengiriman standar,J&T Express,,u***81854685944106,s****,(+62)831******52,"	",Indonesia,Jawa Barat,Kab. Sukabumi,*************,*********,********************************************,,Bayar di tempat,0.02,Tote Bag,1199001232055436782	,TikTok,,Unchecked,,,Product cards,
584391637700675286	,Selesai,Selesai,,Normal,1730945518188201453	,TS-SMILEY-S,TM420 Smiley T-Shirt (Cotton Combed 24s Bahan Kain Tebal Senyum Terus),S,1,0,185000,185000,6660,27580,150760,0,17000,0,17000,0,0,,,1157,1519,0,0,153436,06/06/2026 12:19:02	,08/06/2026 11:22:04	,06/06/2026 14:09:00	,06/06/2026 18:07:06	,08/06/2026 11:22:04	,"	",,,Fulfillment by seller,TM420 Warehouse,JX9601239270,Hemat,J&T Express,,n***puja,p*****,(+62)831******16,"	",Indonesia,Sumatera Selatan,Kota Palembang,***************,******,***************,*******************************************************************************************,Bayar di tempat,0.25,T-shirt,1198991903400494806	,TikTok,,Unchecked,,,Product cards,
584390932824622745	,Selesai,Selesai,,Normal,1735928569092539885	,TRUCKER-STAYHIGH,TM420 Stay High Trucker Hat Cap - Green Black White - Premium,Default,1,0,165000,165000,10674,31580,122746,0,23000,0,23000,0,0,,,1200,1239,0,0,125185,06/06/2026 11:49:17	,09/06/2026 08:56:51	,06/06/2026 14:09:00	,06/06/2026 18:07:06	,09/06/2026 08:56:51	,"	",,,Fulfillment by seller,TM420 Warehouse,JX9601706677,Pengiriman standar,J&T Express,,m***re_sorem,R**** M S********,(+62)859******56,"	",Indonesia,Jawa Timur,Sumenep,***********,***********,******************************************************,*********************,Bayar di tempat,0.25,Topi Olahraga & Outdoor,1198989258620831385	,TikTok,,Unchecked,,,Product cards,
584390574047790101	,Selesai,Selesai,,Normal,1735529656927684077	,FLA-DARKBLUES-L,TM420 Flanel Boxy Shirt Collecion (Cutting Oversize - Kemeja Flanel),"Dark Blues, L",1,0,275000,275000,20000,80580,174420,0,10500,0,10500,0,0,,,1000,,0,0,175420,06/06/2026 11:27:05	,06/06/2026 11:28:00	,06/06/2026 11:34:43	,06/06/2026 18:07:06	,07/06/2026 17:41:00	,"	",,,Fulfillment by seller,TM420 Warehouse,JX9603996852,Pengiriman besok sampai,J&T Express,TOLONG KIRIM SIZE M YA KAK,d***yudianto,R******,(+62)812******74,"	",Indonesia,DKI Jakarta,Kota Administrasi Jakarta Barat,**********,**********,****************,****************,QRIS,0.25,Kemeja,1198985293197116437	,TikTok,,Unchecked,,,Product cards,
584389956787406065	,Selesai,Selesai,,Normal,1735536109438141933	,TSLS-MEDICATIONOV-M,TM420 Medication Overview Long Sleeve T-Shirt (Cotton Combed 24s - Kaos Lengan Panjang),M,1,0,275000,275000,28311,92580,154109,1000,71000,0,70000,0,0,,,1000,1561,0,0,157670,06/06/2026 10:51:49	,12/06/2026 09:39:49	,06/06/2026 11:34:44	,06/06/2026 23:19:33	,12/06/2026 09:39:49	,"	",,,Fulfillment by seller,TM420 Warehouse,JX9606896852,Hemat,J&T Express,,r***cull__,M******* r***,(+62)822******31,"	",Indonesia,Nusa Tenggara Barat,Kab. Lombok Utara,********,*******,*********************************,***********************,Bayar di tempat,0.15,T-shirt,1198979729003480305	,TikTok,,Unchecked,,,Product cards,
584387833470551983	,Selesai,Selesai,,Normal,1732819267917678061	,CRG-CREAM-30,TM420 Cargo Long Pants Green & Cream Premium Canvas,"30, Krem",1,0,495000,495000,35000,253000,207000,0,38000,0,38000,0,0,,,1600,2086,0,0,210686,06/06/2026 08:45:18	,15/06/2026 10:13:18	,06/06/2026 11:34:43	,06/06/2026 23:19:33	,15/06/2026 10:13:18	,"	",,,Fulfillment by seller,TM420 Warehouse,JX9605876852,Hemat,J&T Express,,f***kkk2201,a***,(+62)822******02,"	",Indonesia,Nusa Tenggara Barat,Bima,****,************,*******************,,Bayar di tempat,0.6,Celana Panjang,1198961255007881135	,TikTok,,Unchecked,,,Product cards,
584385675305649616	,Dibatalkan,Dibatalkan,Cancel,Normal,1732819267917481453	,CRG-SAGE-28,TM420 Cargo Long Pants Green & Cream Premium Canvas,"28, Hijau",1,1,495000,495000,12100,253000,229900,21000,51000,0,30000,0,0,229900,,0,2509,0,0,253409,06/06/2026 05:42:53	,"	",06/06/2026 06:21:54	,06/06/2026 23:19:33	,"	",29/06/2026 18:48:49	,System,Pengiriman paket gagal,Fulfillment by seller,TM420 Warehouse,JX9604611905,Hemat,J&T Express,,i***_yagami,i*** p*******,(+62)813******41,"	",Indonesia,Kalimantan Timur,Kab. Kutai Timur,******,********,******,************************,Bayar di tempat,0.6,Celana Panjang,1198940513379452368	,TikTok,,Unchecked,,,Product cards,
584385602357397176	,Selesai,Selesai,,Normal,1730936507432469997	,WATCH-CANVAS-BLACK,TM420 Canvas Watch - Jam Tangan Arloji - Wrislet Watches Waterproof With Date,Black,1,0,279000,279000,0,0,279000,32000,32000,0,0,0,0,,,2400,,0,0,313400,06/06/2026 05:34:03	,06/06/2026 05:34:36	,06/06/2026 06:21:54	,06/06/2026 18:07:05	,10/06/2026 16:50:50	,"	",,,Fulfillment by seller,TM420 Warehouse,JX9600691705,Hemat,J&T Express,,a***lbrohal,L**********,(+62)812******70,"	",Indonesia,Sumatera Barat,Kab. Tanah Datar,*********,***********,***********,*******************,DANA,0.5,Jam Tangan Pria,1198940690960320184	,TikTok,,Unchecked,,,Product cards,
584385325555681231	,Selesai,Selesai,,Normal,1730789937725605357	,TS-WILDFLOWERS-XL,TM420 Wild Flowers Bong T-Shirt (Cotton Combed 24s Bahan Kaos Tebal),XL,1,0,185000,185000,10000,0,175000,0,29000,0,29000,0,0,,,1000,1760,0,0,177760,06/06/2026 04:42:07	,16/06/2026 16:18:52	,06/06/2026 06:21:54	,06/06/2026 23:19:33	,16/06/2026 16:18:52	,"	",,,Fulfillment by seller,TM420 Warehouse,JX9604551705,Hemat,J&T Express,,u***8107228399202,f****,(+62)821*****08,"	",Indonesia,Kepulauan Riau,Kota Batam,**********,***************,***********************************************,************************,Bayar di tempat,0.25,T-shirt,1198938386259150799	,TikTok,,Unchecked,,,Product cards,
584385031303562288	,Selesai,Selesai,,Normal,1732289951493031405	,TS-PC-BLACK-M,TM420 Peace Flowers T-Shirt (Cotton Combed 24s Bahan Kaos Tebal),"M, Black",1,0,185000,185000,24431,27580,132989,0,16500,0,16500,0,0,,,1300,1000,0,0,135289,06/06/2026 03:31:26	,06/06/2026 03:31:58	,06/06/2026 06:21:54	,06/06/2026 18:07:05	,08/06/2026 09:33:42	,"	",,,Fulfillment by seller,TM420 Warehouse,JX9594128392,Pengiriman standar,J&T Express,,b***z_marlley,s***,(+62)895******76,"	",Indonesia,Banten,Serang,*****,*******,**********************,************************************************************************************,Transfer bank,0.25,T-shirt,1198936550172296240	,TikTok,,Unchecked,,,LIVE,tm420.official
584383406921517009	,Selesai,Selesai,,Normal,1730936507432404461	,WATCH-CANVAS-GREEN,TM420 Canvas Watch - Jam Tangan Arloji - Wrislet Watches Waterproof With Date,Green,1,0,279000,279000,20000,0,259000,0,27000,0,27000,0,0,,,2000,,0,4000,265000,06/06/2026 00:01:46	,06/06/2026 00:02:04	,06/06/2026 06:21:51	,06/06/2026 18:16:53	,10/06/2026 22:22:39	,"	",,,Fulfillment by seller,TM420 Warehouse,JX9593368492,Hemat,J&T Express,,d***ikjr,B*** D******,(+62)812******57,"	",Indonesia,Riau,Kab. Kampar,************,******,*****************************************************************************,,DANA,0.5,Jam Tangan Pria,1198927539050350545	,TikTok,,Unchecked,,,Videos,mr.johanisagreatfather
584380767747278501	,Selesai,Selesai,,Normal,1735535713856620013	,TSLS-HASHISH-L,TM420 Hashish Long Sleeve T-Shirt (Cotton Combed 24s),L,1,0,275000,275000,60000,92580,122420,0,7500,0,7500,0,0,,,0,1224,0,0,123644,05/06/2026 21:27:03	,07/06/2026 19:50:38	,06/06/2026 06:21:51	,06/06/2026 18:07:05	,07/06/2026 19:50:38	,"	",,,Fulfillment by seller,TM420 Warehouse,JX9602691505,Pengiriman besok sampai,J&T Express,,w***i72,g***,(+62)881*******59,"	",Indonesia,Jawa Barat,Kab. Bandung,***********,*********,****************************************************,,Bayar di tempat,0.25,T-shirt,1198915668888290981	,TikTok,,Unchecked,,,Product cards,
584377329240147510	,Dibatalkan,Dibatalkan,Cancel,Normal,1734087090948441581	,STICKPACK-MEDICATION,TM420 Sticker Pack (Stiker),Medication,1,1,42000,42000,0,23580,18420,15000,15000,0,0,0,0,18420,,108,49,0,0,33577,05/06/2026 18:05:36	,05/06/2026 20:53:44	,"	","	","	",05/06/2026 22:18:48	,User,Tidak perlu lagi,Fulfillment by seller,TM420 Warehouse,,Pengiriman standar,,,g***elano,I*** s*****,(+62)822******66,"	",Indonesia,Yogyakarta,Sleman Regency,*****,********,*********************************************,*********************,Transfer bank,0.1,Stiker Dekoratif,1198912941804062262	,TikTok,,Unchecked,,,Product cards,
584377262330578920	,Selesai,Selesai,,Normal,1730936507432404461	,WATCH-CANVAS-GREEN,TM420 Canvas Watch - Jam Tangan Arloji - Wrislet Watches Waterproof With Date,Green,1,0,279000,279000,276210,0,2790,0,9000,0,9000,0,0,,,1000,,0,0,3790,05/06/2026 18:01:13	,05/06/2026 18:01:30	,06/06/2026 06:21:52	,06/06/2026 23:19:34	,07/06/2026 15:59:44	,"	",,,Fulfillment by seller,TM420 Warehouse,JX9607731205,Pengiriman standar,J&T Express,,t***o9724,a*** t*****,(+62)857******87,"	",Indonesia,Jawa Barat,Kab. Cianjur,************,***********,************************************************,,DANA,0.5,Jam Tangan Pria,1198895156229474280	,TikTok,,Unchecked,,,Product cards,
584377197844858824	,Selesai,Selesai,,Normal,1730936748591384045	,TS-DOODLE-XXL,TM420 The Doodle T-Shirt (Cotton Combed 24s Bahan Kain Tebal),XXL,1,0,185000,185000,5000,27580,152420,0,47500,0,47500,0,0,,,1000,1534,0,0,154954,05/06/2026 17:56:17	,16/06/2026 10:27:16	,06/06/2026 06:21:51	,06/06/2026 18:07:05	,16/06/2026 10:27:16	,"	",,,Fulfillment by seller,TM420 Warehouse,JX9593388492,Hemat,J&T Express,,r***i.ahmad.entam,r**** a**** e*******,(+62)822******40,"	",Indonesia,Sulawesi Tenggara,Kota Kendari,******,*********,***********************************************************,************************************************,Bayar di tempat,0.25,T-shirt,1198894937316362184	,TikTok,,Unchecked,,,LIVE,tm420.official
584375335229360119	,Selesai,Selesai,,Normal,1730929170101208557	,TRUCK-GREEN,TM420 Trucker Hat Green Peace,Default,1,0,113420,113420,9074,0,104346,0,15500,0,15500,0,0,,,1500,1000,0,0,106846,05/06/2026 15:41:57	,05/06/2026 15:42:40	,05/06/2026 16:12:15	,05/06/2026 19:43:09	,07/06/2026 09:58:22	,"	",,,Fulfillment by seller,TM420 Warehouse,JX9592769066,Pengiriman standar,J&T Express,,t***ng__alit,M***** Z*******,(+62)858******75,"	",Indonesia,Jawa Timur,Surabaya,********,*******,*******************,************************************,Transfer bank,0.25,Topi,1198878645032421367	,TikTok,,Unchecked,,,Product cards,
584375196266693823	,Dibatalkan,Dibatalkan,Cancel,Normal,1732819267917612525	,CRG-SAGE-30,TM420 Cargo Long Pants Green & Cream Premium Canvas,"30, Hijau",1,1,495000,495000,20000,253000,222000,0,52500,0,52500,0,0,222000,,0,2220,0,0,224220,05/06/2026 15:34:59	,"	",05/06/2026 16:12:15	,05/06/2026 19:43:09	,"	",15/06/2026 14:41:42	,System,Pengiriman paket gagal,Fulfillment by seller,TM420 Warehouse,JX9593372379,Pengiriman standar,J&T Express,,a***al426,B*** H***,(+62)838******12,"	",Indonesia,Sumatera Barat,Kab. Agam,****,*********,********************************************************,****************************,Bayar di tempat,0.6,Celana Panjang,1198879736947573951	,TikTok,,Unchecked,,,Product cards,
584374268023375530	,Dibatalkan,Dibatalkan,Cancel,Normal,1731718695284278765	,TS-HIGHALIEN-M,TM420 High Alien T-Shirt (Cotton Combed 24s Kaos Tebal Alien),M,1,1,175000,175000,0,17580,157420,0,56000,0,56000,0,0,157420,,1000,1584,0,0,160004,05/06/2026 14:28:00	,"	",05/06/2026 16:12:15	,05/06/2026 19:43:09	,"	",30/06/2026 17:49:38	,System,Pengiriman paket gagal,Fulfillment by seller,TM420 Warehouse,JX9592312179,Hemat,J&T Express,,u***_215,T***** h******,(+62)822******26,"	",Indonesia,Sulawesi Tengah,Kab. Morowali,**************,********,**************************,********,Bayar di tempat,0.25,T-shirt,1198869485592348330	,TikTok,,Unchecked,,,Product cards,
584374249646884522	,Dibatalkan,Dibatalkan,Cancel,Normal,1731718924607784429	,TSLS-3DICONS-M,TM420 Natural 3D Icons Longsleeve T-Shirt (Cotton Combed 24s Kaos Tebal Lengan Panjang),M,1,1,210000,210000,10345,37580,162075,0,56000,0,56000,0,0,162075,,1000,1631,0,0,164706,05/06/2026 14:25:42	,"	",05/06/2026 16:12:15	,05/06/2026 19:43:09	,"	",01/07/2026 09:33:59	,System,Pengiriman paket gagal,Fulfillment by seller,TM420 Warehouse,JX9592252979,Hemat,J&T Express,,u***_215,T***** h******,(+62)822******26,"	",Indonesia,Sulawesi Tengah,Kab. Morowali,**************,********,**************************,********,Bayar di tempat,0.25,T-shirt,1198868948944520874	,TikTok,,Unchecked,,,Product cards,
584371179877926104	,Selesai,Selesai,,Normal,1730787270099437037	,BUCK-WEEDPATTERN,TM420 Weed Pattern Bucket Hat,Default,1,0,111420,111420,12425,0,98995,4000,34000,0,30000,0,0,,,780,,0,625,413941,05/06/2026 11:16:03	,05/06/2026 11:16:12	,05/06/2026 13:35:23	,05/06/2026 19:43:09	,09/06/2026 18:55:48	,"	",,,Fulfillment by seller,TM420 Warehouse,JX9598216053,Pengiriman standar,J&T Express,,k***i_kopi,A** M*******,(+62)852******59,"	",Indonesia,Sumatera Barat,Padang,************,*************,********************************,******************************,PayLater,0.25,Topi,1198843310618871000	,TikTok,,Unchecked,,,Product cards,
584371179877926104	,Selesai,Selesai,,Normal,1731325757573006829	,TS-EINSTEIN-L,TM420 Albert Einstein T-Shirt (Cotton Combed 24s Bahan Kain Tebal Imagination),L,1,0,185000,185000,826,27580,156594,4000,34000,0,30000,0,0,,,1234,,0,0,413941,05/06/2026 11:16:03	,05/06/2026 11:16:12	,05/06/2026 13:35:23	,05/06/2026 19:43:09	,09/06/2026 18:55:48	,"	",,,Fulfillment by seller,TM420 Warehouse,JX9598216053,Pengiriman standar,J&T Express,,k***i_kopi,A** M*******,(+62)852******59,"	",Indonesia,Sumatera Barat,Padang,************,*************,********************************,******************************,PayLater,0.25,T-shirt,1198843310618871000	,TikTok,,Unchecked,,,Product cards,
584371179877926104	,Selesai,Selesai,,Normal,1733635458330953197	,,VOOJAH Stoner Longsleeve (Cotton Combed 24s),L,1,0,210000,210000,18893,40580,150527,4000,34000,0,30000,0,0,,,1186,,0,0,413941,05/06/2026 11:16:03	,05/06/2026 11:16:12	,05/06/2026 13:35:23	,05/06/2026 19:43:09	,09/06/2026 18:55:48	,"	",,,Fulfillment by seller,TM420 Warehouse,JX9598216053,Pengiriman standar,J&T Express,,k***i_kopi,A** M*******,(+62)852******59,"	",Indonesia,Sumatera Barat,Padang,************,*************,********************************,******************************,PayLater,0.3,T-shirt,1198843310618871000	,TikTok,,Unchecked,,,Product cards,
584371177579119953	,Selesai,Selesai,,Normal,1730787270099437037	,BUCK-WEEDPATTERN,TM420 Weed Pattern Bucket Hat,Default,1,0,111420,111420,35000,0,76420,0,22500,0,22500,0,0,,,0,764,0,0,77184,05/06/2026 11:14:39	,07/06/2026 17:41:15	,05/06/2026 13:33:45	,05/06/2026 19:43:09	,07/06/2026 17:41:15	,"	",,,Fulfillment by seller,TM420 Warehouse,JX9592436651,Pengiriman standar,J&T Express,,m***kkan_teks50,E**,(+62)858******10,"	",Indonesia,Jawa Timur,Kab. Pasuruan,******,******,****************,***************************************,Bayar di tempat,0.25,Topi,1198844206900086097	,TikTok,,Unchecked,,,Product cards,
584371035971422150	,Dibatalkan,Dibatalkan,Cancel,Normal,1730926901301839341	,SNAP-HIGH-GREEN,TM420 High Snapback Original,Green,1,1,123420,123420,14474,0,108946,8000,43000,0,35000,0,0,108946,,1100,1180,0,0,119226,05/06/2026 11:08:39	,"	",05/06/2026 13:33:45	,"	","	",05/06/2026 18:50:02	,User,Ada harga yang lebih terjangkau,Fulfillment by seller,TM420 Warehouse,JX9598356251,Pengiriman standar,J&T Express,,d***_styawan,d*** s******,(+62)881*******61,"	",Indonesia,Jawa Timur,Kab. Malang,***********,***********,***********,********************************************************,Bayar di tempat,0.25,Topi,1198842939901249478	,TikTok,,Unchecked,,,Product cards,
584370972062942488	,Selesai,Selesai,,Normal,1730945567628625389	,TS-SUMPEACE-L,TM420 Summer Peace T-Shirt (Cotton Combed 24s Bahan Kain Tebal),L,1,0,185000,185000,5000,27580,152420,0,10500,0,10500,0,0,,,1000,1534,0,0,154954,05/06/2026 11:02:28	,07/06/2026 11:39:39	,05/06/2026 13:33:45	,05/06/2026 19:43:09	,07/06/2026 11:39:39	,"	",,,Fulfillment by seller,TM420 Warehouse,JX9594216751,Pengiriman besok sampai,J&T Express,,i***_011,i***,(+62)813******53,"	",Indonesia,DKI Jakarta,Kota Administrasi Jakarta Utara,***********,***********,**********************************,**************************,Bayar di tempat,0.25,T-shirt,1198842585001264408	,TikTok,,Unchecked,,,Product cards,
584370982575835032	,Selesai,Selesai,,Normal,1735133582309164525	,TS-LEGALIZERINGER-M,TM420 Legalize Green Ringer T-Shirt (Cotton Combed 24s),M,1,0,200000,200000,20000,33580,146420,0,25500,0,25500,0,0,,,1400,1478,0,0,149298,05/06/2026 11:01:42	,10/06/2026 16:04:24	,05/06/2026 13:33:46	,05/06/2026 19:43:09	,10/06/2026 16:04:24	,"	",,,Fulfillment by seller,TM420 Warehouse,JX9598462257,Hemat,J&T Express,,a***ffadhilla_09,a****,(+62)812******79,"	",Indonesia,Sumatera Barat,Lima Puluh Kota,****,*****,****************,,Bayar di tempat,0.25,T-shirt,1198842566761875352	,TikTok,,Unchecked,,,Product cards,
584370883228239285	,Selesai,Selesai,,Normal,1730936507432469997	,WATCH-CANVAS-BLACK,TM420 Canvas Watch - Jam Tangan Arloji - Wrislet Watches Waterproof With Date,Black,1,0,279000,279000,20000,0,259000,0,29000,0,29000,0,0,,,2000,2610,0,0,263610,05/06/2026 10:57:37	,10/06/2026 20:54:59	,05/06/2026 13:33:42	,05/06/2026 19:43:09	,10/06/2026 20:54:59	,"	",,,Fulfillment by seller,TM420 Warehouse,JX9594316251,Hemat,J&T Express,,a***ii_,M******* r***,(+62)812******50,"	",Indonesia,Sumatera Barat,Payakumbuh,****************,***********,*************,*******************************,Bayar di tempat,0.5,Jam Tangan Pria,1198842532753278389	,TikTok,,Unchecked,,,Videos,
584370459233191338	,Dibatalkan,Dibatalkan,Cancel,Normal,1730786878808753645	,TS-SMOKEWEED-L,TM420 Smoke Weed T-Shirt (Cotton Combed 24s Bahan Tebal),L,1,1,185000,185000,7705,27580,149715,5000,75000,0,70000,0,0,149715,,1000,6229,0,0,161944,05/06/2026 10:30:48	,"	",05/06/2026 13:33:42	,05/06/2026 19:43:09	,"	",14/06/2026 10:13:28	,System,Pengiriman paket gagal,Fulfillment by seller,TM420 Warehouse,JX9596216151,Hemat,J&T Express,,a***izreal_08,E***** m*******,(+62)082*******88,"	",Indonesia,Maluku,Kota Ambon,********,***************************,**********************,***********************,Bayar di tempat,0.25,T-shirt,1198838955162830250	,TikTok,,Unchecked,,,Videos,user103240543
584370460329412010	,Dibatalkan,Dibatalkan,Cancel,Normal,1730786878808688109	,TS-SMOKEWEED-M,TM420 Smoke Weed T-Shirt (Cotton Combed 24s Bahan Tebal),M,1,1,185000,185000,20000,0,165000,5000,75000,0,70000,0,0,165000,,1000,,0,0,171000,05/06/2026 10:30:23	,"	","	","	","	",06/06/2026 10:30:24	,System,Pesanan dibatalkan karena pembeli terlambat membayar,Fulfillment by seller,TM420 Warehouse,,Hemat,,,a***izreal_08,E***** m*******,(+62)082*******88,"	",Indonesia,Maluku,Kota Ambon,********,***************************,**********************,***********************,PayLater,0.25,T-shirt,"	",TikTok,,,,,Videos,user103240543
584370456295867818	,Dibatalkan,Dibatalkan,Cancel,Normal,1729590935817914861	,TS-ORNAMENT-L,TM420 Ornamentation T-Shirt (Cotton Combed 24s Bahan Kain Tebal Original),L,1,1,133420,133420,5000,0,128420,5000,75000,0,70000,0,0,128420,,1300,5389,0,0,140109,05/06/2026 10:29:21	,"	",05/06/2026 13:33:42	,05/06/2026 19:43:09	,"	",12/06/2026 11:32:14	,System,Pengiriman paket gagal,Fulfillment by seller,TM420 Warehouse,JX9590356551,Hemat,J&T Express,,a***izreal_08,E***** m*******,(+62)082*******88,"	",Indonesia,Maluku,Kota Ambon,********,***************************,**********************,***********************,Bayar di tempat,0.25,T-shirt,1198837428744979882	,TikTok,,Unchecked,,,Videos,
584370245231543943	,Selesai,Selesai,,Normal,1730926901301839341	,SNAP-HIGH-GREEN,TM420 High Snapback Original,Green,1,0,123420,123420,5000,0,118420,0,20000,0,20000,0,0,,,1100,1195,0,0,120715,05/06/2026 10:15:12	,11/06/2026 18:31:01	,05/06/2026 13:33:43	,05/06/2026 19:43:09	,11/06/2026 18:31:01	,"	",,,Fulfillment by seller,TM420 Warehouse,JX9596242357,Hemat,J&T Express,,w***nsenger,s*****,(+62)859******62,"	",Indonesia,Bali,Kab. Badung,************,*****,***********************************,************************,Bayar di tempat,0.25,Topi,1198836140012832391	,TikTok,,Unchecked,,,Product cards,
584369088393021428	,Selesai,Selesai,,Normal,1730936507432404461	,WATCH-CANVAS-GREEN,TM420 Canvas Watch - Jam Tangan Arloji - Wrislet Watches Waterproof With Date,Green,1,0,279000,279000,20000,0,259000,9000,9000,0,0,0,0,,,2100,2701,0,0,272801,05/06/2026 08:54:17	,07/06/2026 15:09:50	,05/06/2026 09:22:44	,05/06/2026 19:43:09	,07/06/2026 15:09:50	,"	",,,Fulfillment by seller,TM420 Warehouse,JX9598132921,Pengiriman standar,J&T Express,,m***lpangaribuan16,M**** P**********,(+62)895*******40,"	",Indonesia,Jawa Barat,Kab. Garut,***********,**********,****************************************,************************,Bayar di tempat,0.5,Jam Tangan Pria,1198824042370140148	,TikTok,,Unchecked,,,Product cards,
584368874257024869	,Selesai,Selesai,,Normal,1731791699399181805	,HOOD-TEACHPEACE-XXL,TM420 Teach Peace Hoodie (Cotton Fleece 280gsm Sweater),XXL,1,0,345000,345000,20000,11580,313420,0,29500,0,29500,0,0,,,2500,3159,0,0,319079,05/06/2026 08:39:21	,08/06/2026 11:51:17	,05/06/2026 09:22:44	,05/06/2026 19:43:09	,08/06/2026 11:51:17	,"	",,,Fulfillment by seller,TM420 Warehouse,JX9599352021,Pengiriman standar,J&T Express,,g***ngferdiansya1,G***** F**********,(+62)888******62,"	",Indonesia,Jawa Timur,Kab. Malang,***********,***********,***************************************,,Bayar di tempat,0.6,Hoodie & Jumper,1198821094903023461	,TikTok,,Unchecked,,,Product cards,
584368314169984740	,Selesai,Selesai,,Normal,1730791711277417965	,TSLS-GOODFRIENDS-L,TM420 Good Friends Long Sleeve T-Shirt (Cotton Combed 30s),L,1,0,215000,215000,20000,0,195000,0,63000,0,63000,0,0,,,1000,,0,1700,197700,05/06/2026 07:51:15	,05/06/2026 07:51:22	,05/06/2026 09:22:44	,05/06/2026 19:43:09	,09/06/2026 10:34:53	,"	",,,Fulfillment by seller,TM420 Warehouse,JX9598008514,Hemat,J&T Express,,d***el05,h*****,(+62)085*******15,"	",Indonesia,Maluku Utara,Ternate,*************,*********,*********,***************************************,PayLater,0.25,T-shirt,1198813668961388260	,TikTok,,Unchecked,,,Videos,
584367098920273506	,Dibatalkan,Dibatalkan,Cancel,Normal,1730945623285073389	,TS-PEACEFULLIFE-S,TM420 Peaceful Life T-Shirt (Cotton Combed 24s Bahan Kain Tebal),S,1,1,185000,185000,22090,27580,135330,0,59500,0,59500,0,0,135330,,1300,1366,0,0,137996,05/06/2026 05:41:10	,"	",05/06/2026 09:22:44	,05/06/2026 19:43:09	,"	",01/07/2026 09:51:04	,System,Pengiriman paket gagal,Fulfillment by seller,TM420 Warehouse,JX9596272821,Hemat,J&T Express,,o***zstecu,a***,(+62)851******96,"	",Indonesia,Sulawesi Tenggara,Kab. Kolaka,*********,**********,*************,*****************************,Bayar di tempat,0.25,T-shirt,1198804376033920610	,TikTok,,Unchecked,,,Product cards,
584366022433146851	,Selesai,Selesai,,Normal,1731989256954086893	,HOOD-SMOKEBLUNT-L,TM420 x Voojah - Smoke Blunt Hoodie (Cotton Fleece 280gsm),L,1,0,375000,375000,0,41580,333420,0,12000,0,12000,0,0,,,2600,3360,0,0,339380,05/06/2026 01:31:01	,07/06/2026 17:06:13	,05/06/2026 09:22:47	,05/06/2026 19:43:09	,07/06/2026 17:06:13	,"	",,,Fulfillment by seller,TM420 Warehouse,JX9598192521,Pengiriman standar,J&T Express,,o***y70,p****,(+62)821******43,"	",Indonesia,Jawa Barat,Kab. Sukabumi,********,*******,***************************************************************************************************,,Bayar di tempat,0.75,Hoodie & Jumper,1198797522360567779	,TikTok,,Unchecked,,,Product cards,
584365996644861923	,Selesai,Selesai,,Normal,1731791699399050733	,HOOD-TEACHPEACE-L,TM420 Teach Peace Hoodie (Cotton Fleece 280gsm Sweater),L,1,0,345000,345000,0,11580,333420,0,12000,0,12000,0,0,,,2600,3360,0,0,339380,05/06/2026 01:26:30	,07/06/2026 17:01:16	,05/06/2026 09:22:47	,05/06/2026 19:43:09	,07/06/2026 17:01:16	,"	",,,Fulfillment by seller,TM420 Warehouse,JX9590248514,Pengiriman standar,J&T Express,,o***y70,p****,(+62)821******43,"	",Indonesia,Jawa Barat,Kab. Sukabumi,********,*******,***************************************************************************************************,,Bayar di tempat,0.6,Hoodie & Jumper,1198797252340910051	,TikTok,,Unchecked,,,Product cards,
584365974623520587	,Dibatalkan,Dibatalkan,Cancel,Normal,1734087090948441581	,STICKPACK-MEDICATION,TM420 Sticker Pack (Stiker),Medication,1,1,42000,42000,15000,23580,3420,16000,16000,0,0,0,0,3420,,0,194,0,0,19614,05/06/2026 01:23:54	,"	","	","	","	",05/06/2026 01:26:47	,User,Tidak perlu lagi,Fulfillment by seller,TM420 Warehouse,,Hemat,,,a***thirzi,i******,(+62)895******38,"	",Indonesia,Lampung,Kota Bandar Lampung,******,******,**********************************************************************,,Bayar di tempat,0.1,Stiker Dekoratif,1198797368894064459	,TikTok,,Unchecked,,,Product cards,
584365831312476070	,Selesai,Selesai,,Normal,1731791699398985197	,HOOD-TEACHPEACE-M,TM420 Teach Peace Hoodie (Cotton Fleece 280gsm Sweater),M,1,0,345000,345000,46665,11680,286655,0,17000,0,17000,0,0,,,2200,2889,0,0,291744,05/06/2026 00:59:38	,07/06/2026 19:55:15	,05/06/2026 09:22:47	,05/06/2026 19:43:09	,07/06/2026 19:55:15	,"	",,,Fulfillment by seller,TM420 Warehouse,JX9594392121,Hemat,J&T Express,,r***.l,R***,(+62)822******09,"	",Indonesia,Sumatera Selatan,Kota Palembang,********,************,************************************************************************,*************************************************************************************,Bayar di tempat,0.6,Hoodie & Jumper,1198796241728407462	,TikTok,,Unchecked,,,Product cards,
584362515814581373	,Selesai,Selesai,,Normal,1730830106481624557	,PLC-PEACE-BLACK,TM420 Peace Polocap Baseball Cap/Hat/Topi Original,Black,1,0,111420,111420,0,0,111420,0,11000,0,11000,0,0,,,1100,1125,0,0,113645,04/06/2026 20:54:43	,06/06/2026 18:42:05	,05/06/2026 09:22:41	,05/06/2026 19:43:09	,06/06/2026 18:42:05	,"	",,,Fulfillment by seller,TM420 Warehouse,JX9590268214,Pengiriman besok sampai,J&T Express,,a***635,B*** K****,(+62)812******53,"	",Indonesia,Jawa Barat,Bekasi,********,********,*************************************,,Bayar di tempat,0.15,Topi,1198780857833391229	,TikTok,,Unchecked,,,Product cards,
584360837508335291	,Selesai,Selesai,,Normal,1730709037883622893	,DNM-DESTROY-30,TM420 Denim Destroyer - Sky Blue Washed Jeans,30,1,0,320000,320000,35000,85580,199420,0,40500,0,40500,0,0,,,1000,2004,0,0,202424,04/06/2026 19:22:37	,13/06/2026 15:50:44	,05/06/2026 09:22:41	,05/06/2026 19:43:09	,13/06/2026 15:50:44	,"	",,,Fulfillment by seller,TM420 Warehouse,JX9596028714,Hemat,J&T Express,,u***38711524530288,A***,(+62)822******52,"	",Indonesia,Kalimantan Tengah,Kab. Barito Selatan,*************,***********,******************,********************************************,Bayar di tempat,0.1,Jeans,1198772485356619451	,TikTok,,Unchecked,,,Videos,
584360349523281857	,Selesai,Selesai,,Normal,1731765794459715053	,TS-LISATANI-XL,TM420 Monalisa Bertani T-Shirt (Cotton Combed 24s Kaos Tebal),XL,1,0,175000,175000,18890,17580,138530,0,31000,0,31000,0,0,,,1300,1398,0,0,141228,04/06/2026 18:59:39	,08/06/2026 13:55:01	,05/06/2026 09:22:41	,05/06/2026 19:43:09	,08/06/2026 13:55:01	,"	",,,Fulfillment by seller,TM420 Warehouse,JX9593108814,Pengiriman standar,J&T Express,,i***_123l,i***,(+62)083*******60,"	",Indonesia,Jawa Timur,Kab. Pamekasan,******,*******,************************************,***************************************************,Bayar di tempat,0.25,T-shirt,1198769734127421377	,TikTok,,Unchecked,,,Product cards,
584359575394945010	,Selesai,Selesai,,Normal,1730945623285269997	,TS-PEACEFULLIFE-XL,TM420 Peaceful Life T-Shirt (Cotton Combed 24s Bahan Kain Tebal),XL,1,0,185000,185000,16677,27580,140743,23000,123000,0,100000,0,0,,,1122,,0,0,465340,04/06/2026 18:09:04	,10/06/2026 09:13:54	,05/06/2026 09:22:41	,05/06/2026 19:43:09	,10/06/2026 09:13:54	,"	",,,Fulfillment by seller,TM420 Warehouse,JX9592068914,Pengiriman standar,J&T Express,,b***ooooorrrr,M******* r****,(+62)852******70,"	",Indonesia,Maluku Utara,Tidore Kepulauan,******,***********,****************************************************************,,Bayar di tempat,0.25,T-shirt,1198765750013560818	,TikTok,,Unchecked,,,LIVE,tm420.official
584359575394945010	,Selesai,Selesai,,Normal,1731791699399116269	,HOOD-TEACHPEACE-XL,TM420 Teach Peace Hoodie (Cotton Fleece 280gsm Sweater),XL,1,0,345000,345000,35323,11580,298097,23000,123000,0,100000,0,0,,,2378,,0,0,465340,04/06/2026 18:09:04	,10/06/2026 09:13:54	,05/06/2026 09:22:41	,05/06/2026 19:43:09	,10/06/2026 09:13:54	,"	",,,Fulfillment by seller,TM420 Warehouse,JX9592068914,Pengiriman standar,J&T Express,,b***ooooorrrr,M******* r****,(+62)852******70,"	",Indonesia,Maluku Utara,Tidore Kepulauan,******,***********,****************************************************************,,Bayar di tempat,0.6,Hoodie & Jumper,1198765750013560818	,TikTok,,Unchecked,,,LIVE,tm420.official
584359173341283351	,Selesai,Selesai,,Normal,1735570172753446381	,BEAN-BROWN,TM420 Beanies Collection (Peace Embroidery On Beanie Hat - Topi Kupluk),Brown,1,0,99000,99000,0,0,99000,0,10500,0,10500,0,0,,,1400,1004,0,0,101404,04/06/2026 17:45:09	,06/06/2026 12:07:40	,04/06/2026 17:52:31	,04/06/2026 20:29:57	,06/06/2026 12:07:40	,"	",,,Fulfillment by seller,TM420 Warehouse,JX9589146667,Pengiriman besok sampai,J&T Express,,n***aadreena25,a*** m*****,(+62)878******81,"	",Indonesia,DKI Jakarta,Kota Administrasi Jakarta Barat,***********,**************,************************************************************,,Bayar di tempat,0.1,Topi,1198763057993647127	,TikTok,,Unchecked,,,LIVE,tm420.official
584358916913989330	,Dibatalkan,Dibatalkan,Cancel,Normal,1735535713856554477	,TSLS-HASHISH-M,TM420 Hashish Long Sleeve T-Shirt (Cotton Combed 24s),M,1,1,275000,275000,20000,92580,162420,0,43000,0,43000,0,0,162420,,1000,1634,0,0,165054,04/06/2026 17:23:59	,"	",04/06/2026 17:26:52	,04/06/2026 20:29:56	,"	",23/06/2026 11:46:13	,System,Pengiriman paket gagal,Fulfillment by seller,TM420 Warehouse,JX9588839266,Hemat,J&T Express,,s***gunawan1,a****,(+62)895*******40,"	",Indonesia,Sulawesi Selatan,Kab. Pangkajene Kepulauan,*********,************,***************************,***********************************************,Bayar di tempat,0.25,T-shirt,1198760566198404818	,TikTok,,Unchecked,,,LIVE,tm420.official
584358657977320557	,Selesai,Selesai,,Normal,1734219437351798253	,TS-SOHIGH-M,TM420 Relax and So High Oversize T-Shirt (Cotton Combed 20s - Bahan Kain Tebal OS Boxy),M,1,0,225000,225000,28200,58580,138220,0,38500,0,38500,0,0,,,1300,,0,0,139520,04/06/2026 17:05:13	,04/06/2026 17:05:40	,04/06/2026 17:26:52	,04/06/2026 20:29:57	,07/06/2026 08:31:16	,"	",,,Fulfillment by seller,TM420 Warehouse,JX9582405767,Pengiriman standar,J&T Express,,b***ndrenalin_,A****,(+62)812******15,"	",Indonesia,Kalimantan Selatan,Banjarmasin,*******************,*************,*************************************************************************************************************************,*************************************************************************************************************************,QRIS,0.25,T-shirt,1198758746102793325	,TikTok,,Unchecked,,,LIVE,tm420.official
584358387213108269	,Dibatalkan,Dibatalkan,Cancel,Normal,1734542287734015469	,TSLS-ORGANICCLUB-XXL,TM420 Organic Club Long Sleeve T-Shirt (Cotton Combed 24s),XXL,1,1,225000,225000,20589,52580,151831,29500,69500,0,40000,0,0,151831,,1000,7293,0,0,189624,04/06/2026 16:50:04	,"	",04/06/2026 17:26:52	,04/06/2026 20:29:56	,"	",15/06/2026 14:41:12	,System,Pengiriman paket gagal,Fulfillment by seller,TM420 Warehouse,JX9585799766,Pengiriman standar,J&T Express,,s***iyan1123,s*******,(+62)858******30,"	",Indonesia,Kalimantan Tengah,Kab. Seruyan,************,*****************,*******************************************************************,************************,Bayar di tempat,0.25,T-shirt,1198756742890423341	,TikTok,,Unchecked,,,LIVE,tm420.official
584358118879561302	,Selesai,Selesai,,Normal,1732289951493031405	,TS-PC-BLACK-M,TM420 Peace Flowers T-Shirt (Cotton Combed 24s Bahan Kaos Tebal),"M, Black",1,0,185000,185000,0,27580,157420,0,29500,0,29500,0,0,,,1250,3173,0,0,320513,04/06/2026 16:28:42	,06/06/2026 13:53:02	,04/06/2026 17:26:52	,04/06/2026 20:29:56	,06/06/2026 13:53:02	,"	",,,Fulfillment by seller,TM420 Warehouse,JX9587345967,Pengiriman standar,J&T Express,,.***abelakang,F*** B*** A*** M*****,(+62)823******13,"	",Indonesia,Jawa Timur,Malang,*********,**********,**************************************************************,************,Bayar di tempat,0.25,T-shirt,1198753811709855318	,TikTok,,Unchecked,,,LIVE,tm420.official
584358118879561302	,Selesai,Selesai,,Normal,1731544797898573293	,TS-RIGHTNOW-L,TM420 Right Now T-Shirt (Cotton Combed 24s Kaos John Lennon Imagine Tebal),L,1,0,185000,185000,0,27580,157420,0,29500,0,29500,0,0,,,1250,3173,0,0,320513,04/06/2026 16:28:42	,06/06/2026 13:53:02	,04/06/2026 17:26:52	,04/06/2026 20:29:56	,06/06/2026 13:53:02	,"	",,,Fulfillment by seller,TM420 Warehouse,JX9587345967,Pengiriman standar,J&T Express,,.***abelakang,F*** B*** A*** M*****,(+62)823******13,"	",Indonesia,Jawa Timur,Malang,*********,**********,**************************************************************,************,Bayar di tempat,0.25,T-shirt,1198753811709855318	,TikTok,,Unchecked,,,LIVE,tm420.official
584356698424771705	,Selesai,Selesai,,Normal,1734418863265383917	,TSLS-MORTALGARDEN-L,TM420 Mortal Garden Long Sleeve T-Shirt (Cotton Combed 24s),L,1,0,250000,250000,24139,77580,148281,0,0,0,0,0,0,,,1150,2989,0,0,301851,04/06/2026 14:47:42	,08/06/2026 17:35:09	,04/06/2026 16:21:22	,04/06/2026 20:29:56	,08/06/2026 17:35:09	,"	",,,Fulfillment by seller,TM420 Warehouse,JX9581962764,Pengiriman standar,J&T Express,,t***nmarley,t******,(+62)838******77,"	",Indonesia,Kalimantan Selatan,Kota Banjarbaru,*************,***************,*********************************,**************************************************************,Bayar di tempat,0.25,T-shirt,1198741001952461945	,TikTok,,Unchecked,,,Product cards,
584356698424771705	,Selesai,Selesai,,Normal,1734418863265318381	,TSLS-MORTALGARDEN-M,TM420 Mortal Garden Long Sleeve T-Shirt (Cotton Combed 24s),M,1,0,250000,250000,24139,77580,148281,0,0,0,0,0,0,,,1150,2989,0,0,301851,04/06/2026 14:47:42	,08/06/2026 17:35:09	,04/06/2026 16:21:22	,04/06/2026 20:29:56	,08/06/2026 17:35:09	,"	",,,Fulfillment by seller,TM420 Warehouse,JX9581962764,Pengiriman standar,J&T Express,,t***nmarley,t******,(+62)838******77,"	",Indonesia,Kalimantan Selatan,Kota Banjarbaru,*************,***************,*********************************,**************************************************************,Bayar di tempat,0.25,T-shirt,1198741001952461945	,TikTok,,Unchecked,,,Product cards,
584356151760356980	,Selesai,Selesai,,Normal,1731418073856771565	,TS-WILDFIRE-M,TM420 Wildfire T-Shirt (Cotton Combed 24s),M,1,0,185000,185000,25000,27580,132420,0,44000,0,44000,0,0,,,1300,1337,0,0,135057,04/06/2026 14:12:24	,12/06/2026 17:36:55	,04/06/2026 16:21:22	,04/06/2026 20:29:56	,12/06/2026 17:36:55	,"	",,,Fulfillment by seller,TM420 Warehouse,JX9589716864,Hemat,J&T Express,,v***aaaaaaaa,i***,(+62)822******45,"	",Indonesia,D.I. Aceh,Kab. Aceh Tenggara,**********,***********,**********************************************************************,**********************************************************,Bayar di tempat,0.25,T-shirt,1198737344636290676	,TikTok,,Unchecked,,,Product cards,
584354275471099773	,Selesai,Selesai,,Normal,1735133582309361133	,TS-LEGALIZERINGER-XXL,TM420 Legalize Green Ringer T-Shirt (Cotton Combed 24s),XXL,1,0,200000,200000,20000,33580,146420,0,38000,0,38000,0,0,,,0,1464,0,0,147884,04/06/2026 12:13:13	,12/06/2026 18:49:05	,04/06/2026 16:21:22	,04/06/2026 20:29:56	,12/06/2026 18:49:05	,"	",,,Fulfillment by seller,TM420 Warehouse,JX9581102465,Hemat,J&T Express,,y***asilalahi04,b* y**,(+62)822******45,"	",Indonesia,Sumatera Utara,Kab. Karo,*********,***************,*************************************************,***************,Bayar di tempat,0.25,T-shirt,1198719089566451581	,TikTok,,Unchecked,,,Videos,user103240543
584354341939217731	,Dibatalkan,Dibatalkan,Cancel,Normal,1730830106481624557	,PLC-PEACE-BLACK,TM420 Peace Polocap Baseball Cap/Hat/Topi Original,Black,1,1,111420,111420,0,0,111420,0,20500,0,20500,0,0,111420,,1100,1000,0,0,113520,04/06/2026 12:12:08	,"	","	","	","	",05/06/2026 12:12:10	,System,Pesanan dibatalkan karena pembeli terlambat membayar,Fulfillment by seller,TM420 Warehouse,,Pengiriman standar,,,h***3479,h*****,(+62)815******36,"	",Indonesia,Jawa Timur,Kab. Gresik,*******,*********,*****,,Transfer bank,0.15,Topi,"	",TikTok,,,,,Product cards,
584353861985011534	,Dibatalkan,Dibatalkan,Cancel,Normal,1730830106481493485	,PLC-PEACE-MATCHA,TM420 Peace Polocap Baseball Cap/Hat/Topi Original,Green,1,1,111420,111420,0,0,111420,0,21500,0,21500,0,0,111420,,1100,1125,0,0,113645,04/06/2026 11:41:50	,"	","	","	","	",04/06/2026 11:50:09	,User,Ongkir mahal,Fulfillment by seller,TM420 Warehouse,,Pengiriman standar,,,g***iaghis,a**** b***** e***,(+62)857******48,"	",Indonesia,Jawa Timur,Kabupaten Mojokerto,********,******,*********************************************,***********,Bayar di tempat,0.15,Topi,1198714576819881806	,TikTok,,Unchecked,,,Videos,
584352433595450402	,Selesai,Selesai,,Normal,1731718934578693613	,TS-TIEMUSHROOM-L,TM420 Mushroom Tie-Dye T-Shirt (Cotton Combed 24s),L,1,0,185000,185000,26600,0,158400,0,31000,0,31000,0,0,,,1000,1000,0,0,160400,04/06/2026 10:14:19	,04/06/2026 10:15:20	,04/06/2026 16:21:22	,04/06/2026 20:29:56	,06/06/2026 11:01:18	,"	",,,Fulfillment by seller,TM420 Warehouse,JX9589842764,Pengiriman standar,J&T Express,,a***imran024,a*******,(+62)895*******19,"	",Indonesia,Jawa Timur,Tulungagung,*********,*******,***********************************************************************,******************************,Transfer bank,0.25,T-shirt,1198704067766486050	,TikTok,,Unchecked,,,Videos,ruderideroots
584352261192123840	,Selesai,Selesai,,Normal,1730936507432404461	,WATCH-CANVAS-GREEN,TM420 Canvas Watch - Jam Tangan Arloji - Wrislet Watches Waterproof With Date,Green,1,0,279000,279000,20000,0,259000,0,47500,0,47500,0,0,,,2000,2610,0,0,263610,04/06/2026 10:02:01	,16/06/2026 14:54:07	,04/06/2026 10:05:48	,04/06/2026 20:29:56	,16/06/2026 14:54:07	,"	",,,Fulfillment by seller,TM420 Warehouse,JX9585592824,Hemat,J&T Express,,r***mhd,f*******,(+62)821******45,"	",Indonesia,Sulawesi Tenggara,Kota Kendari,*****,*****,***************************,*******************,Bayar di tempat,0.5,Jam Tangan Pria,1198702674433836480	,TikTok,,Unchecked,,,Product cards,
584352117679556343	,Selesai,Selesai,,Normal,1735119164618409453	,TSDL-LEGALIZESALUR-L,TM420 Legalize Cannabis Long-Sleeve Double Layer T-Shirt (Cotton Combed 24s - Salur),L,1,0,250000,250000,3242,67580,179178,0,11000,0,11000,0,0,,,1388,1805,0,0,182371,04/06/2026 09:54:29	,06/06/2026 10:31:49	,04/06/2026 10:05:48	,04/06/2026 20:29:57	,06/06/2026 10:31:49	,"	",,,Fulfillment by seller,TM420 Warehouse,JX9581268511,Pengiriman besok sampai,J&T Express,,c***idence_548,P***,(+62)858******78,"	",Indonesia,Banten,Tangerang Regency,******,*******,*********************************************************************************************************,,Bayar di tempat,0.25,T-shirt,1198700691206932215	,TikTok,,Unchecked,,,Videos,
584352033010059215	,Selesai,Selesai,,Normal,1732388407582361069	,BUCKET-CORD-SAGE,TM420 Corduroy Bucket Hat,Sage,1,0,155000,155000,17684,66580,70736,0,11000,0,11000,0,0,,,1700,724,0,0,73160,04/06/2026 09:49:41	,06/06/2026 09:15:56	,04/06/2026 10:05:48	,04/06/2026 20:29:56	,06/06/2026 09:15:56	,"	",,,Fulfillment by seller,TM420 Warehouse,JX9582228511,Pengiriman besok sampai,J&T Express,,t***r778,T****,(+62)857******23,"	",Indonesia,Banten,Kab. Tangerang,********,******,***************************************************,******************,Bayar di tempat,0.2,Topi,1198699906205910991	,TikTok,,Unchecked,,,Videos,ruderideroots
584351885546784354	,Selesai,Selesai,,Normal,1730936507432404461	,WATCH-CANVAS-GREEN,TM420 Canvas Watch - Jam Tangan Arloji - Wrislet Watches Waterproof With Date,Green,1,0,279000,279000,20000,0,259000,0,0,0,0,0,0,,,2000,5220,0,0,266220,04/06/2026 09:31:47	,09/06/2026 19:28:14	,04/06/2026 10:05:48	,04/06/2026 20:29:56	,09/06/2026 19:28:14	,"	",,,Fulfillment by seller,TM420 Warehouse,JX9587552624,Hemat,J&T Express,,s***yanto.gajali,S******** G*****,(+62)085*******40,"	",Indonesia,Maluku Utara,Ternate,***************,*************,*********************************************,,Bayar di tempat,0.5,Jam Tangan Pria,1198697601198360162	,TikTok,,Unchecked,,,Product cards,
584351269865751565	,Selesai,Selesai,,Normal,1735536444149499373	,TS-SAYUR-XXL,TM420 Sayur 4 Sehat 20 Sejahtera Vegetable T-Shirt (Cotton Combed 24s),XXL,1,0,250000,250000,5000,92580,152420,0,10500,0,10500,0,0,,1524,1000,,0,0,151896,04/06/2026 08:52:50	,04/06/2026 08:53:00	,04/06/2026 10:05:51	,04/06/2026 20:29:57	,06/06/2026 18:05:33	,"	",,,Fulfillment by seller,TM420 Warehouse,JX9580448011,Pengiriman besok sampai,J&T Express,,a***stiani,A**,(+62)089*******88,"	",Indonesia,Jawa Barat,Depok,**********,**********,********************************************************************,,PayLater,0.25,T-shirt,1198692761391760397	,TikTok,,Unchecked,,,Product cards,
584350810212500923	,Dibatalkan,Dibatalkan,Cancel,Normal,1733635458330953197	,,VOOJAH Stoner Longsleeve (Cotton Combed 24s),L,1,1,210000,210000,20000,40580,149420,53000,123000,0,70000,0,0,149420,,1600,2040,0,0,206060,04/06/2026 08:13:34	,"	",04/06/2026 17:43:54	,04/06/2026 20:29:56	,"	",16/06/2026 09:07:48	,System,Pengiriman paket gagal,Fulfillment by seller,TM420 Warehouse,JX9585966363,Pengiriman standar,J&T Express,,i***__8,I****,(+62)813******39,"	",Indonesia,Maluku Utara,Kab. Halmahera Selatan,*****,******,**************,***************,Bayar di tempat,0.3,T-shirt,1198685532701820347	,TikTok,,Unchecked,,,Product cards,
584350712169596031	,Selesai,Selesai,,Normal,1735133582309230061	,TS-LEGALIZERINGER-L,TM420 Legalize Green Ringer T-Shirt (Cotton Combed 24s),L,1,0,200000,200000,50000,33580,116420,0,20500,0,20500,0,0,,,0,1164,0,0,117584,04/06/2026 08:04:42	,06/06/2026 09:27:38	,04/06/2026 10:05:51	,04/06/2026 20:29:56	,06/06/2026 09:27:38	,"	",,,Fulfillment by seller,TM420 Warehouse,JX9589188111,Pengiriman standar,J&T Express,,d***aditya677,A*****,(+62)838******26,"	",Indonesia,Jawa Tengah,Kab. Temanggung,*******,********,*************,******************,Bayar di tempat,0.25,T-shirt,1198685291094508671	,TikTok,,Unchecked,,,Videos,user103240543
584349663100503708	,Dibatalkan,Dibatalkan,Cancel,Normal,1735535713856554477	,TSLS-HASHISH-M,TM420 Hashish Long Sleeve T-Shirt (Cotton Combed 24s),M,1,1,275000,275000,20000,92580,162420,0,63000,0,63000,0,0,162420,,1000,1634,0,0,165054,04/06/2026 06:25:13	,"	",04/06/2026 10:05:51	,04/06/2026 20:29:56	,"	",15/06/2026 09:13:21	,System,Pengiriman paket gagal,Fulfillment by seller,TM420 Warehouse,JX9588328211,Hemat,J&T Express,,s***ttt.22,A**** Y****,(+62)081*******01,"	",Indonesia,Maluku Utara,Kota Ternate,*************,*******,**************,*******************,Bayar di tempat,0.25,T-shirt,1198674332442330780	,TikTok,,Unchecked,,,Product cards,
584348760348066957	,Dibatalkan,Dibatalkan,Cancel,Normal,1735529656927684077	,FLA-DARKBLUES-L,TM420 Flanel Boxy Shirt Collecion (Cutting Oversize - Kemeja Flanel),"Dark Blues, L",1,1,275000,275000,5000,80580,189420,0,10500,0,10500,0,0,189420,,1000,1904,0,0,192324,04/06/2026 03:30:44	,"	",04/06/2026 10:05:52	,04/06/2026 20:29:56	,"	",10/06/2026 10:00:31	,System,Pengiriman paket gagal,Fulfillment by seller,TM420 Warehouse,JX9582468011,Pengiriman besok sampai,J&T Express,,n***ie1616,i****,(+62)858******67,"	",Indonesia,DKI Jakarta,Kota Administrasi Jakarta Barat,*******,*****,************************,***********************************,Bayar di tempat,0.25,Kemeja,1198667942384534669	,TikTok,,Unchecked,,,Product cards,
584348724459767742	,Selesai,Selesai,,Normal,1730936507432404461	,WATCH-CANVAS-GREEN,TM420 Canvas Watch - Jam Tangan Arloji - Wrislet Watches Waterproof With Date,Green,1,0,279000,279000,276210,0,2790,0,9000,0,9000,0,0,,,1000,,0,0,3790,04/06/2026 03:20:04	,04/06/2026 03:20:38	,04/06/2026 10:05:54	,04/06/2026 20:29:56	,06/06/2026 10:57:54	,"	",,,Fulfillment by seller,TM420 Warehouse,JX9583672124,Pengiriman standar,J&T Express,,u***1126506683483,r***,(+62)858******81,"	",Indonesia,Jawa Barat,Kab. Cianjur,*********,*******,*****************************************************************,,QRIS,0.5,Jam Tangan Pria,1198667612678096830	,TikTok,,Unchecked,,,Product cards,
584348265590326466	,Dibatalkan,Dibatalkan,Cancel,Normal,1731544727697786349	,TS-JAMAICA-S,TM420 Jamaica T-Shirt (Cotton Combed 24s Kaos Tebal Jamaika),S,1,1,175000,175000,23613,17580,133807,15000,15000,0,0,0,0,133807,,227,5020,0,0,506909,04/06/2026 01:26:14	,"	",04/06/2026 10:05:54	,04/06/2026 20:29:56	,"	",10/06/2026 09:54:31	,System,Pengiriman paket gagal,Fulfillment by seller,TM420 Warehouse,JX9583692124,Pengiriman standar,J&T Express,,c***rerwianto16,B*** C*****,(+62)831******80,"	",Indonesia,D.I. Yogyakarta,Kab. Sleman,***********,***********,*************************************************,,Bayar di tempat,0.25,T-shirt,1198664203429774530	,TikTok,,Unchecked,,,LIVE,tm420.official
584348265590326466	,Dibatalkan,Dibatalkan,Cancel,Normal,1732819267917481453	,CRG-SAGE-28,TM420 Cargo Long Pants Green & Cream Premium Canvas,"28, Hijau",1,1,495000,495000,36299,253000,205701,15000,15000,0,0,0,0,205701,,349,5020,0,0,506909,04/06/2026 01:26:14	,"	",04/06/2026 10:05:54	,04/06/2026 20:29:56	,"	",10/06/2026 09:54:31	,System,Pengiriman paket gagal,Fulfillment by seller,TM420 Warehouse,JX9583692124,Pengiriman standar,J&T Express,,c***rerwianto16,B*** C*****,(+62)831******80,"	",Indonesia,D.I. Yogyakarta,Kab. Sleman,***********,***********,*************************************************,,Bayar di tempat,0.6,Celana Panjang,1198664203429774530	,TikTok,,Unchecked,,,LIVE,tm420.official
584348265590326466	,Dibatalkan,Dibatalkan,Cancel,Normal,1734418863265252845	,TSLS-MORTALGARDEN-S,TM420 Mortal Garden Long Sleeve T-Shirt (Cotton Combed 24s),S,1,1,250000,250000,25863,77580,146557,15000,15000,0,0,0,0,146557,,248,5020,0,0,506909,04/06/2026 01:26:14	,"	",04/06/2026 10:05:54	,04/06/2026 20:29:56	,"	",10/06/2026 09:54:31	,System,Pengiriman paket gagal,Fulfillment by seller,TM420 Warehouse,JX9583692124,Pengiriman standar,J&T Express,,c***rerwianto16,B*** C*****,(+62)831******80,"	",Indonesia,D.I. Yogyakarta,Kab. Sleman,***********,***********,*************************************************,,Bayar di tempat,0.25,T-shirt,1198664203429774530	,TikTok,,Unchecked,,,LIVE,tm420.official
584347902077536096	,Selesai,Selesai,,Normal,1731727577378096621	,TSLESS-SHINCHAN-XL,TM420 Shinchan ACAB T-Shirt (Cotton Combed 24s Crayon Sinchan Kaos Tebal Sincan 1312),XL,1,0,165000,165000,5000,0,160000,0,15000,0,15000,0,0,,,1000,,0,0,161000,04/06/2026 00:31:59	,04/06/2026 00:32:03	,04/06/2026 10:05:54	,04/06/2026 20:29:57	,06/06/2026 09:45:33	,"	",,,Fulfillment by seller,TM420 Warehouse,JX9588388111,Pengiriman standar,J&T Express,,u***280219072023,j****** a* h****,(+62)895******71,"	",Indonesia,DI Yogyakarta,Bantul,*******,*******,*************************************,***************************,PayLater,0.25,T-shirt,1198662351776614240	,TikTok,,Unchecked,,,Product cards,
584346536102823705	,Selesai,Selesai,,Normal,1730945567628559853	,TS-SUMPEACE-M,TM420 Summer Peace T-Shirt (Cotton Combed 24s Bahan Kain Tebal),M,1,0,185000,185000,6000,27580,151420,0,63000,0,63000,0,0,,,0,1514,0,0,152934,03/06/2026 22:34:57	,10/06/2026 16:10:41	,04/06/2026 10:05:55	,04/06/2026 20:29:57	,10/06/2026 16:10:41	,"	",,,Fulfillment by seller,TM420 Warehouse,JX9581732424,Hemat,J&T Express,,q***tyu01017,M A**** A******,(+62)821******04,"	",Indonesia,Maluku Utara,Kota Ternate,***************,*************,**************************************************************************************,,Bayar di tempat,0.25,T-shirt,1198655721651341081	,TikTok,,Unchecked,,,Videos,user103240543
584346310278284666	,Selesai,Selesai,,Normal,1731727577377965549	,TSLESS-SHINCHAN-M,TM420 Shinchan ACAB T-Shirt (Cotton Combed 24s Crayon Sinchan Kaos Tebal Sincan 1312),M,1,0,165000,165000,28380,0,136620,20500,55500,0,35000,0,0,,,1000,,0,0,158120,03/06/2026 22:19:55	,03/06/2026 22:20:39	,04/06/2026 10:05:57	,04/06/2026 20:29:56	,08/06/2026 11:27:54	,"	",,,Fulfillment by seller,TM420 Warehouse,JX9584428211,Pengiriman standar,J&T Express,,r***iki_,k****,(+62)851******02,"	",Indonesia,Sulawesi Selatan,Kota Palopo,************,*********,*****************************************************************,**************************************,QRIS,0.25,T-shirt,1198654188465128826	,TikTok,,Unchecked,,,Product cards,
584344954143343719	,Selesai,Selesai,,Normal,1730929756737471981	,PLC-PEACE-CREAM,TM420 Peace Polocap Original Creamy Green,Default,1,0,111420,111420,0,0,111420,0,41000,0,41000,0,0,,1671,1100,,0,0,110849,03/06/2026 21:10:57	,03/06/2026 21:11:00	,04/06/2026 10:05:45	,04/06/2026 20:29:56	,10/06/2026 09:34:39	,"	",,,Fulfillment by seller,TM420 Warehouse,JX9585248411,Hemat,J&T Express,,a***risiamnd22,A******* A*****,(+62)082*******09,"	",Indonesia,Kepulauan Bangka Belitung,Bangka Selatan,*********,**********,*******************************************************************,************************************,PayLater,0.25,Topi,1198648623831483495	,TikTok,,Unchecked,,,Product cards,
584344785032610842	,Selesai,Selesai,,Normal,1729590935817849325	,TS-ORNAMENT-M,TM420 Ornamentation T-Shirt (Cotton Combed 24s Bahan Kain Tebal Original),M,1,0,133420,133420,5000,0,128420,0,35000,0,35000,0,0,,,1200,,0,0,129620,03/06/2026 21:02:52	,03/06/2026 21:04:31	,04/06/2026 10:05:45	,05/06/2026 00:00:57	,17/06/2026 13:30:56	,"	",,,Fulfillment by seller,TM420 Warehouse,JX9580512624,Hemat,J&T Express,,a***nanggit,B*** S******,(+62)853******97,"	",Indonesia,Sulawesi Selatan,Kota Makassar,***********,******,**************************************************************,,QRIS,0.25,T-shirt,1198648673986642970	,TikTok,,Unchecked,,,Product cards,
584344208279700678	,Selesai,Selesai,,Normal,1730945878193112557	,TS-GTA-L,TM420 GTA Smoke & Fly Grand Theft Auto T-Shirt (Cotton Combed 24s Bahan Kain Tebal),L,1,0,185000,185000,20000,27580,137420,0,63000,0,63000,0,0,,,1300,1387,0,0,140107,03/06/2026 20:26:54	,09/06/2026 12:04:09	,04/06/2026 10:05:45	,04/06/2026 20:29:56	,09/06/2026 12:04:09	,"	",,,Fulfillment by seller,TM420 Warehouse,JX9587432424,Hemat,J&T Express,,9***arnoot,T*** N* A** A******** G***,(+62)085*******33,"	",Indonesia,Maluku Utara,Ternate,*************,***,****************,,Bayar di tempat,0.25,T-shirt,1198645687708452038	,TikTok,,Unchecked,,,Product cards,
584343548066956574	,Selesai,Selesai,,Normal,1729590935817914861	,TS-ORNAMENT-L,TM420 Ornamentation T-Shirt (Cotton Combed 24s Bahan Kain Tebal Original),L,1,0,133420,133420,5000,0,128420,0,38000,0,38000,0,0,,,1200,5185,0,0,134805,03/06/2026 19:52:13	,09/06/2026 18:15:24	,04/06/2026 10:05:45	,04/06/2026 20:29:56	,09/06/2026 18:15:24	,"	",,,Fulfillment by seller,TM420 Warehouse,JX9589028111,Hemat,J&T Express,,k***o.alam4,k**** a****,(+62)818******75,"	",Indonesia,Nusa Tenggara Barat,Kab. Lombok Barat,********,*******,***********************************************,************************************************,Bayar di tempat,0.25,T-shirt,1198640963399222558	,TikTok,,Unchecked,,,Videos,user103240543
584341753173870105	,Selesai,Selesai,,Normal,1735570172753380845	,BEAN-BLCK,TM420 Beanies Collection (Peace Embroidery On Beanie Hat - Topi Kupluk),Black,1,0,99000,99000,7920,0,91080,0,11000,0,11000,0,0,,,1300,924,0,0,93304,03/06/2026 18:08:20	,05/06/2026 10:17:13	,03/06/2026 18:13:10	,03/06/2026 19:56:57	,05/06/2026 10:17:13	,"	",,,Fulfillment by seller,TM420 Warehouse,JX9575489751,Pengiriman besok sampai,J&T Express,,k***ser_,E****,(+62)812******92,"	",Indonesia,Banten,Kab. Tangerang,*****,**********,*****************************,************************************************************,Bayar di tempat,0.1,Topi,1198632140583110169	,TikTok,,Unchecked,,,LIVE,tm420.official
584340807959873425	,Selesai,Selesai,,Normal,1730945567628690925	,TS-SUMPEACE-XL,TM420 Summer Peace T-Shirt (Cotton Combed 24s Bahan Kain Tebal),XL,1,0,185000,185000,1052,27580,156368,0,7500,0,7500,0,0,,31,0,,0,0,312704,03/06/2026 17:06:56	,03/06/2026 17:07:02	,03/06/2026 18:13:10	,03/06/2026 19:56:57	,04/06/2026 18:05:24	,"	",,,Fulfillment by seller,TM420 Warehouse,JX9573509351,Pengiriman besok sampai,J&T Express,,u***7867004558781,A*****,(+62)857******92,"	",Indonesia,Jawa Barat,Kab. Bandung Barat,**********,*********,**************************************************************************,*********************************,PayLater,0.25,T-shirt,1198625303533553553	,TikTok,,Unchecked,,,Product cards,
584340807959873425	,Selesai,Selesai,,Normal,1732289947425867245	,TS-PC-BLACK-L,TM420 Peace Flowers T-Shirt (Cotton Combed 24s Bahan Kaos Tebal),"L, Black",1,0,185000,185000,1053,27580,156367,0,7500,0,7500,0,0,,31,0,,0,0,312704,03/06/2026 17:06:56	,03/06/2026 17:07:02	,03/06/2026 18:13:10	,03/06/2026 19:56:57	,04/06/2026 18:05:24	,"	",,,Fulfillment by seller,TM420 Warehouse,JX9573509351,Pengiriman besok sampai,J&T Express,,u***7867004558781,A*****,(+62)857******92,"	",Indonesia,Jawa Barat,Kab. Bandung Barat,**********,*********,**************************************************************************,*********************************,PayLater,0.25,T-shirt,1198625303533553553	,TikTok,,Unchecked,,,Product cards,
584338486701754095	,Selesai,Selesai,,Normal,1730936507432404461	,WATCH-CANVAS-GREEN,TM420 Canvas Watch - Jam Tangan Arloji - Wrislet Watches Waterproof With Date,Green,1,0,279000,279000,20000,0,259000,0,60000,0,60000,0,0,,,2000,2650,0,4000,267650,03/06/2026 14:28:31	,06/06/2026 13:10:51	,03/06/2026 16:38:01	,03/06/2026 19:56:57	,06/06/2026 13:10:51	,"	",,,Fulfillment by seller,TM420 Warehouse,JX9570884658,Pengiriman standar,J&T Express,,b***q_,A*** M******,(+62)858******51,"	",Indonesia,Kalimantan Selatan,Tanah Laut,******,******,***********************************************,***************,Bayar di tempat,0.5,Jam Tangan Pria,1198603982627833583	,TikTok,,Unchecked,,,Product cards,
584337579345544202	,Dibatalkan,Dibatalkan,Cancel,Normal,1731415812045571565	,TS-ITZA-M,TM420 Chichen Itza T-Shirt (Cotton Combed 24s),"Green, M",1,1,185000,185000,21130,27580,136290,0,41500,0,41500,0,0,136290,,1059,1391,0,1700,140440,03/06/2026 13:31:28	,"	",03/06/2026 16:38:01	,03/06/2026 19:56:57	,"	",18/06/2026 18:00:38	,System,Pengiriman paket gagal,Fulfillment by seller,TM420 Warehouse,JX9572744058,Hemat,J&T Express,,c***abis.32,H***** s******,(+62)089********33,"	",Indonesia,Sumatera Utara,Kab. Dairi,******,***************,*****************************,****************************,Bayar di tempat,0.25,T-shirt,1198596127109121034	,TikTok,,Unchecked,,,Product cards,
584335036442511049	,Selesai,Selesai,,Normal,1730945878193047021	,TS-GTA-M,TM420 GTA Smoke & Fly Grand Theft Auto T-Shirt (Cotton Combed 24s Bahan Kain Tebal),M,1,0,185000,185000,14168,27580,143252,0,12000,0,12000,0,0,,,1400,1447,0,0,146099,03/06/2026 10:56:26	,05/06/2026 09:51:35	,03/06/2026 16:38:01	,03/06/2026 19:56:57	,05/06/2026 09:51:35	,"	",,,Fulfillment by seller,TM420 Warehouse,JX9577764858,Pengiriman standar,J&T Express,,r***i_864,R****,(+62)821******92,"	",Indonesia,Banten,Cilegon,**********,***************,**********************************************,,Bayar di tempat,0.25,T-shirt,1198575292474623689	,TikTok,,Unchecked,,,Videos,
584334458045957447	,Dibatalkan,Dibatalkan,Cancel,Normal,1730936748591318509	,TS-DOODLE-XL,TM420 The Doodle T-Shirt (Cotton Combed 24s Bahan Kain Tebal),XL,1,1,185000,185000,5000,27580,152420,0,41000,0,41000,0,0,152420,,1000,1534,0,0,154954,03/06/2026 10:16:23	,"	","	","	","	",03/06/2026 10:16:38	,User,Perlu mengubah metode pembayaran,Fulfillment by seller,TM420 Warehouse,,Hemat,,,p***roi.420,A*** w********,(+62)085*******07,"	",Indonesia,Sulawesi Selatan,Sidenreng Rappang,************,********,***********************,**************************************************,Bayar di tempat,0.25,T-shirt,1198570008211457351	,TikTok,,Unchecked,,,Product cards,
584332003159738124	,Selesai,Selesai,,Normal,1731791699398985197	,HOOD-TEACHPEACE-M,TM420 Teach Peace Hoodie (Cotton Fleece 280gsm Sweater),M,1,0,345000,345000,50000,11680,283320,0,35000,0,35000,0,0,,,2200,,0,4000,289520,03/06/2026 07:04:43	,03/06/2026 07:04:50	,03/06/2026 08:14:52	,03/06/2026 19:56:57	,06/06/2026 19:33:56	,"	",,,Fulfillment by seller,TM420 Warehouse,JX9565887483,Pengiriman standar,J&T Express,,j***dom938,r***** h****,(+62)082*******36,"	",Indonesia,Lampung,Lampung Tengah,***************,**********,***********************,******************************************,PayLater,0.6,Hoodie & Jumper,1198545070684342028	,TikTok,,Unchecked,,,Product cards,
584329840532161852	,Dibatalkan,Dibatalkan,Cancel,Normal,1731989256954086893	,HOOD-SMOKEBLUNT-L,TM420 x Voojah - Smoke Blunt Hoodie (Cotton Fleece 280gsm),L,1,1,375000,375000,0,41580,333420,0,59500,0,59500,0,0,333420,,2600,3360,0,0,339380,03/06/2026 00:18:12	,"	",03/06/2026 08:14:52	,03/06/2026 19:56:57	,"	",30/06/2026 16:28:45	,System,Pengiriman paket gagal,Fulfillment by seller,TM420 Warehouse,JX9567727883,Hemat,J&T Express,,t***raboy17,H**** T*****,(+62)822******68,"	",Indonesia,Sulawesi Tengah,Kab. Morowali Utara,*******,**********,*****************************,*******************************,Bayar di tempat,0.75,Hoodie & Jumper,1198531204563895612	,TikTok,,Unchecked,,,Videos,
584329585650141020	,Selesai,Selesai,,Normal,1730787253995275757	,JER-GREENSALUR-L,"TM420 Jersey Long Sleeve (Green Stripes Salur For Outdoor Running, Football, Fishing etc)",L,1,0,215000,215000,20000,0,195000,0,27000,0,27000,0,0,,39000,1000,,0,0,157000,02/06/2026 23:54:03	,02/06/2026 23:54:04	,03/06/2026 08:14:52	,03/06/2026 19:56:58	,07/06/2026 13:48:04	,"	",,,Fulfillment by seller,TM420 Warehouse,JX9567747883,Hemat,J&T Express,,a***s666,I******,(+62)812******47,"	",Indonesia,Riau,Kuantan Singingi,*****************,********,*********************************************************,,TikTok Shop Balance,0.25,Jersey,1198529934567901020	,TikTok,,Unchecked,,,Product cards,
584328982222832851	,Dibatalkan,Dibatalkan,Cancel,Normal,1730936507432404461	,WATCH-CANVAS-GREEN,TM420 Canvas Watch - Jam Tangan Arloji - Wrislet Watches Waterproof With Date,Green,1,1,279000,279000,5000,0,274000,0,11000,0,11000,0,0,274000,,2100,,0,4000,280100,02/06/2026 23:01:01	,02/06/2026 23:01:04	,"	","	","	",02/06/2026 23:01:41	,User,Tidak perlu lagi,Fulfillment by seller,TM420 Warehouse,,Pengiriman besok sampai,,,y***wj214,n*****,(+62)877******81,"	",Indonesia,Banten,Kota Tangerang Selatan,*************,*********,******************************,*********************************************************,PayLater,0.5,Jam Tangan Pria,1198527180679382227	,TikTok,,Unchecked,,,Product cards,
584328247906698621	,Selesai,Selesai,,Normal,1731765794459649517	,TS-LISATANI-L,TM420 Monalisa Bertani T-Shirt (Cotton Combed 24s Kaos Tebal),L,1,0,175000,175000,20000,0,155000,0,38000,0,38000,0,0,,,1000,1560,0,0,157560,02/06/2026 22:12:36	,12/06/2026 18:12:47	,03/06/2026 08:14:52	,03/06/2026 19:56:57	,12/06/2026 18:12:47	,"	",,,Fulfillment by seller,TM420 Warehouse,JX9564687383,Hemat,J&T Express,,p***yyy23,a***,(+62)877******89,"	",Indonesia,Nusa Tenggara Barat,Kab. Bima,****,*********,**********************************************************************,******************************************,Bayar di tempat,0.25,T-shirt,1198523873414186365	,TikTok,,Unchecked,,,Product cards,
584328200470103900	,Dibatalkan,Dibatalkan,Cancel,Normal,1730787253995210221	,JER-GREENSALUR-M,"TM420 Jersey Long Sleeve (Green Stripes Salur For Outdoor Running, Football, Fishing etc)",M,1,1,215000,215000,20000,0,195000,0,27000,0,27000,0,0,195000,,1000,,0,0,196000,02/06/2026 22:05:26	,02/06/2026 22:05:45	,"	","	","	",02/06/2026 23:53:01	,User,Perlu mengubah metode pembayaran,Fulfillment by seller,TM420 Warehouse,,Hemat,,,a***s666,I******,(+62)812******47,"	",Indonesia,Riau,Kuantan Singingi,*****************,********,*********************************************************,,DANA,0.25,Jersey,1198523795769100124	,TikTok,,Unchecked,,,Product cards,
584326788038034969	,Selesai,Selesai,,Normal,1735529656927356397	,FLA-GREENLIGHT-L,TM420 Flanel Boxy Shirt Collecion (Cutting Oversize - Kemeja Flanel),"Green Light, L",1,0,275000,275000,28566,80580,165854,0,19000,0,19000,0,0,,,874,874,0,0,167602,02/06/2026 20:43:35	,02/06/2026 20:44:53	,03/06/2026 08:14:54	,03/06/2026 19:56:57	,05/06/2026 12:00:35	,"	",,,Fulfillment by seller,TM420 Warehouse,JX9567591296,Pengiriman standar,J&T Express,,h***arr.rrr,R***** H***** K*****,(+62)089*******77,"	",Indonesia,DI Yogyakarta,Kabupaten Gunung Kidul,********,********,**********************************************************************************,,Transfer bank,0.25,Kemeja,1198516440662312473	,TikTok,,Unchecked,,,Product cards,
584325679876638020	,Selesai,Selesai,,Normal,1730789815682762221	,HELM-BW-M,TM420 Retro Helmet Marzano,M,1,0,389420,389420,0,0,389420,172000,252000,0,80000,0,0,,,3500,,0,0,564920,02/06/2026 19:43:42	,02/06/2026 19:44:36	,03/06/2026 08:14:54	,03/06/2026 23:55:37	,08/06/2026 10:49:35	,"	",,,Fulfillment by seller,TM420 Warehouse,JX9560967183,Hemat,J&T Express,,a***jan16,a**,(+62)813******75,"	",Indonesia,Maluku Utara,Kota Ternate,*************,*******,****************,,QRIS,1.35,Helm,1198511471642510660	,TikTok,,Unchecked,,,Product cards,
584325675069506884	,Selesai,Selesai,,Normal,1730929170101208557	,TRUCK-GREEN,TM420 Trucker Hat Green Peace,Default,1,0,113420,113420,100,0,113320,23000,63000,0,40000,0,0,,,1300,,0,0,137620,02/06/2026 19:41:35	,02/06/2026 19:42:11	,03/06/2026 08:14:54	,03/06/2026 19:56:57	,08/06/2026 19:07:53	,"	",,,Fulfillment by seller,TM420 Warehouse,JX9569087284,Hemat,J&T Express,,a***jan16,a**,(+62)813******75,"	",Indonesia,Maluku Utara,Kota Ternate,*************,*******,****************,,QRIS,0.25,Topi,1198512075175855428	,TikTok,,Unchecked,,,Product cards,
584325273887999447	,Selesai,Selesai,,Normal,1731641856794461677	,TS-BEINLOVE-L,TM420 Be In Love T-Shirt - Jalaluddin Rumi (Cotton Combed 24s Kaos Qolbun Salim Tebal),L,1,0,175000,175000,20000,0,155000,99500,169500,0,70000,0,0,,,2000,1000,0,0,257500,02/06/2026 19:15:33	,02/06/2026 19:16:07	,03/06/2026 08:14:49	,03/06/2026 19:56:57	,07/06/2026 15:49:10	,"	",,,Fulfillment by seller,TM420 Warehouse,JX9562491096,Pengiriman standar,J&T Express,,a***do29,P**** p****,(+62)813******68,"	",Indonesia,Maluku,Kab. Buru Selatan,*******,*******,*****************************,,Transfer bank,0.25,T-shirt,1198508193242842583	,TikTok,,Unchecked,,,Videos,
584323936982107787	,Dibatalkan,Dibatalkan,Cancel,Normal,1731718938235995629	,CREW-SUNRISE-L,TM420 Sunrise Crewneck (Cotton Fleece Sweater),L,1,1,325000,325000,0,0,325000,0,11000,0,11000,0,0,325000,,0,9750,0,0,334750,02/06/2026 17:49:50	,"	","	","	","	",02/06/2026 18:16:10	,User,Ada harga yang lebih terjangkau,Fulfillment by seller,TM420 Warehouse,,Pengiriman besok sampai,,,p***mereles8,m*** a**,(+62)895*******84,"	",Indonesia,Banten,Kota Tangerang,*************,************,*************************,************************************************************************************,Bayar di tempat,0.5,Jaket & Mantel,1198500770622834315	,TikTok,,Unchecked,,,Videos,
584323095911761828	,Selesai,Selesai,,Normal,1735570172753511917	,BEAN-DARKGREEN,TM420 Beanies Collection (Peace Embroidery On Beanie Hat - Topi Kupluk),Dark Green,1,0,99000,99000,0,0,99000,0,10500,0,10500,0,0,,,1400,1000,0,0,101400,02/06/2026 16:50:18	,02/06/2026 16:51:08	,03/06/2026 08:14:49	,03/06/2026 19:56:57	,04/06/2026 20:28:31	,"	",,,Fulfillment by seller,TM420 Warehouse,JX9567111796,Pengiriman besok sampai,J&T Express,,s***o93,A**** f***** k*****,(+62)878******64,"	",Indonesia,DKI Jakarta,Jakarta Barat,**********,**************,************************************************************************,********************************,Transfer bank,0.1,Topi,1198494648366565284	,TikTok,,Unchecked,,,LIVE,tm420.official
584322905904350211	,Selesai,Selesai,,Normal,1730786878808753645	,TS-SMOKEWEED-L,TM420 Smoke Weed T-Shirt (Cotton Combed 24s Bahan Tebal),L,1,0,185000,185000,5000,27580,152420,0,27000,0,27000,0,0,,,1000,,0,0,153420,02/06/2026 16:34:10	,02/06/2026 16:34:43	,03/06/2026 08:14:49	,03/06/2026 19:56:57	,07/06/2026 14:42:18	,"	",,,Fulfillment by seller,TM420 Warehouse,JX9565427983,Hemat,J&T Express,,m***iiiq,M****** a******,(+62)813******40,"	",Indonesia,Riau,Kab. Bengkalis,******,**********,******************************,***********************************,DANA,0.25,T-shirt,1198491183206990851	,TikTok,,Unchecked,,,Product cards,
584322299820738552	,Dibatalkan,Dibatalkan,Cancel,Normal,1730936507432469997	,WATCH-CANVAS-BLACK,TM420 Canvas Watch - Jam Tangan Arloji - Wrislet Watches Waterproof With Date,Black,1,1,279000,279000,20000,0,259000,0,10500,0,10500,0,0,259000,,2000,1000,0,0,262000,02/06/2026 15:54:00	,"	","	","	","	",02/06/2026 15:55:41	,User,Perlu mengubah warna atau ukuran,Fulfillment by seller,TM420 Warehouse,,Pengiriman besok sampai,,,r***yapriadi17,a***,(+62)628********48,"	",Indonesia,DKI Jakarta,Kota Administrasi Jakarta Selatan,*********,*************,************************************,*****************************************************************************************,Transfer bank,0.5,Jam Tangan Pria,"	",TikTok,,,,,Product cards,
584321299326731863	,Selesai,Selesai,,Normal,1735535713856685549	,TSLS-HASHISH-XL,TM420 Hashish Long Sleeve T-Shirt (Cotton Combed 24s),XL,1,0,275000,275000,14471,92580,167949,0,12000,0,12000,0,0,,,1240,,0,0,169189,02/06/2026 14:42:23	,02/06/2026 14:42:31	,03/06/2026 08:14:49	,03/06/2026 19:56:57	,05/06/2026 09:56:57	,"	",,,Fulfillment by seller,TM420 Warehouse,JX9564687483,Pengiriman besok sampai,J&T Express,,_***devi28,d***** w******,(+62)838******46,"	",Indonesia,Jawa Barat,Subang,******,******,******,**************************,PayLater,0.25,T-shirt,1198478030720697943	,TikTok,,Unchecked,,,Product cards,
584320473042224694	,Selesai,Selesai,,Normal,1731418000041739757	,TS-HIGHCULT-XL,TM420 High Culture T-Shirt (Cotton Combed 24s Bahan Kaos Tebal),XL,1,0,175000,175000,2110,33000,139890,0,45000,0,45000,0,0,,,1097,,0,0,334020,02/06/2026 13:44:57	,02/06/2026 13:45:11	,02/06/2026 14:30:41	,02/06/2026 14:56:17	,13/06/2026 17:15:34	,"	",,,Fulfillment by seller,TM420 Warehouse,JX9560827430,Hemat,J&T Express,,m***ntineno,M******,(+62)089*******31,"	",Indonesia,Sulawesi Utara,Manado,*********,*********,**************************************,,PayLater,0.25,T-shirt,1198470281778398774	,TikTok,,Unchecked,,,Product cards,
584320473042224694	,Selesai,Selesai,,Normal,1735529609729902061	,FLA-DARKBLUES-XL,TM420 Flanel Boxy Shirt Collecion (Cutting Oversize - Kemeja Flanel),"Dark Blues, XL",1,0,275000,275000,2890,80580,191530,0,45000,0,45000,0,0,,,1503,,0,0,334020,02/06/2026 13:44:57	,02/06/2026 13:45:11	,02/06/2026 14:30:41	,02/06/2026 14:56:17	,13/06/2026 17:15:34	,"	",,,Fulfillment by seller,TM420 Warehouse,JX9560827430,Hemat,J&T Express,,m***ntineno,M******,(+62)089*******31,"	",Indonesia,Sulawesi Utara,Manado,*********,*********,**************************************,,PayLater,0.25,Kemeja,1198470281778398774	,TikTok,,Unchecked,,,Product cards,
584318143108450155	,Dibatalkan,Dibatalkan,Cancel,Normal,1730936568712693229	,TS-HPKT-L,TM420 Happiness Kit Smile T-Shirt (Cotton Combed 24s Bahan Kain Kaos Tebal Senyum),L,1,1,185000,185000,23613,27580,133807,43000,123000,0,80000,0,0,133807,,0,4509,0,0,455373,02/06/2026 11:11:54	,"	",02/06/2026 12:14:18	,02/06/2026 14:55:16	,"	",22/06/2026 13:54:46	,System,Pengiriman paket gagal,Fulfillment by seller,TM420 Warehouse,JX9569429813,Pengiriman standar,J&T Express,,2***0102_,h****,(+62)823******40,"	",Indonesia,Maluku Utara,Kab. Halmahera Barat,*******,*********************,************************************,,Bayar di tempat,0.25,T-shirt,1198450128809920363	,TikTok,,Unchecked,,,Product cards,
584318143108450155	,Dibatalkan,Dibatalkan,Cancel,Normal,1730945878193112557	,TS-GTA-L,TM420 GTA Smoke & Fly Grand Theft Auto T-Shirt (Cotton Combed 24s Bahan Kain Tebal),L,1,1,185000,185000,23613,27580,133807,43000,123000,0,80000,0,0,133807,,0,4509,0,0,455373,02/06/2026 11:11:54	,"	",02/06/2026 12:14:18	,02/06/2026 14:55:16	,"	",22/06/2026 13:54:46	,System,Pengiriman paket gagal,Fulfillment by seller,TM420 Warehouse,JX9569429813,Pengiriman standar,J&T Express,,2***0102_,h****,(+62)823******40,"	",Indonesia,Maluku Utara,Kab. Halmahera Barat,*******,*********************,************************************,,Bayar di tempat,0.25,T-shirt,1198450128809920363	,TikTok,,Unchecked,,,Product cards,
584318143108450155	,Dibatalkan,Dibatalkan,Cancel,Normal,1731727577378031085	,TSLESS-SHINCHAN-L,TM420 Shinchan ACAB T-Shirt (Cotton Combed 24s Crayon Sinchan Kaos Tebal Sincan 1312),L,1,1,165000,165000,24750,0,140250,43000,123000,0,80000,0,0,140250,,0,4509,0,0,455373,02/06/2026 11:11:54	,"	",02/06/2026 12:14:18	,02/06/2026 14:55:16	,"	",22/06/2026 13:54:46	,System,Pengiriman paket gagal,Fulfillment by seller,TM420 Warehouse,JX9569429813,Pengiriman standar,J&T Express,,2***0102_,h****,(+62)823******40,"	",Indonesia,Maluku Utara,Kab. Halmahera Barat,*******,*********************,************************************,,Bayar di tempat,0.25,T-shirt,1198450128809920363	,TikTok,,Unchecked,,,Product cards,
584317842495014124	,Selesai,Selesai,,Normal,1730945878193178093	,TS-GTA-XL,TM420 GTA Smoke & Fly Grand Theft Auto T-Shirt (Cotton Combed 24s Bahan Kain Tebal),XL,1,0,185000,185000,20000,0,165000,0,30500,0,30500,0,0,,,1000,1660,0,0,167660,02/06/2026 10:44:22	,08/06/2026 20:11:08	,02/06/2026 12:14:15	,02/06/2026 14:55:16	,08/06/2026 20:11:08	,"	",,,Fulfillment by seller,TM420 Warehouse,JX9565469013,Hemat,J&T Express,,a***gprtama1221,A**** P******,(+62)822******15,"	",Indonesia,Riau,Rokan Hilir,***********,*****************,*****************,*******************,Bayar di tempat,0.25,T-shirt,1198447201127728364	,TikTok,,Unchecked,,,Videos,
584317675474486456	,Dibatalkan,Dibatalkan,Cancel,Normal,1730796413820831213	,TS-PUCUK-XL,TM420 The Pucuk T-Shirt (Cotton Combed 30s Kaos Daun Natural),XL,1,1,185000,185000,4412,27580,153008,0,39500,0,39500,0,0,153008,,882,1539,0,0,155429,02/06/2026 10:43:47	,"	",02/06/2026 12:14:15	,02/06/2026 14:55:16	,"	",09/06/2026 11:19:13	,System,Pengiriman paket gagal,Fulfillment by seller,TM420 Warehouse,JX9567694720,Pengiriman standar,J&T Express,,r***ir0323,R**** R*******,(+62)895******45,"	",Indonesia,Kalimantan Barat,Kota Pontianak,***************,***********,************,**********************************************,Bayar di tempat,0.25,T-shirt,1198446744773821624	,TikTok,,Unchecked,,,Videos,
584317088571885540	,Selesai,Selesai,,Normal,1731641808855074285	,TS-GOODNATURE-L,TM420 Nature Is Good T-Shirt (Cotton Combed 24s Kaos Bahan Kain Tebal),L,1,0,175000,175000,14168,17580,143252,0,38000,0,38000,0,0,,,1400,,0,0,144652,02/06/2026 10:02:59	,02/06/2026 10:03:34	,02/06/2026 12:14:15	,02/06/2026 14:56:17	,11/06/2026 12:10:39	,"	",,,Fulfillment by seller,TM420 Warehouse,JX9562449213,Hemat,J&T Express,,b***brandholic,s**** s***** f*,(+62)813******96,"	",Indonesia,West Kalimantan,Sanggau,***********,*****************,********************************************************************************,,QRIS,0.25,T-shirt,1198442382959478756	,TikTok,,Unchecked,,,Product cards,
584316948091405504	,Selesai,Selesai,,Normal,1731418073856837101	,TS-WILDFIRE-L,TM420 Wildfire T-Shirt (Cotton Combed 24s),L,1,0,185000,185000,18890,27580,138530,0,10500,0,10500,0,0,,,1300,,0,0,139830,02/06/2026 09:47:36	,02/06/2026 09:47:38	,02/06/2026 12:14:15	,02/06/2026 14:55:16	,03/06/2026 19:04:54	,"	",,,Fulfillment by seller,TM420 Warehouse,JX9564794820,Pengiriman besok sampai,J&T Express,,j***rtans12,R**** A******* H*******,(+62)813******68,"	",Indonesia,DKI Jakarta,Kota Administrasi Jakarta Timur,********,*************,****************************************,****************,PayLater,0.25,T-shirt,1198439649274987712	,TikTok,,Unchecked,,,Product cards,
584313095581828820	,Dibatalkan,Dibatalkan,Cancel,Normal,1730936507432469997	,WATCH-CANVAS-BLACK,TM420 Canvas Watch - Jam Tangan Arloji - Wrislet Watches Waterproof With Date,Black,1,1,279000,279000,46436,0,232564,0,11000,0,11000,0,0,232564,,1800,1000,0,2700,238064,02/06/2026 00:52:06	,"	","	","	","	",02/06/2026 00:54:33	,User,Tidak perlu lagi,Fulfillment by seller,TM420 Warehouse,,Pengiriman besok sampai,,,b***latu28,B**,(+62)821******73,"	",Indonesia,Jawa Barat,Kab. Bogor,********,******,**********************************************************************************************************************,,Transfer bank,0.5,Jam Tangan Pria,"	",TikTok,,,,,Product cards,
584312973516572171	,Selesai,Selesai,,Normal,1731545520556246509	,TS-PEACEPATTERN-XL,TM420 Peace Pattern (Cotton Combed 24s Bahan Kain Tebal Peace of Mind),XL,1,0,190000,190000,0,0,190000,22000,42000,0,20000,0,0,,,1594,3705,0,0,374224,02/06/2026 00:32:46	,06/06/2026 10:10:50	,02/06/2026 09:08:56	,02/06/2026 14:55:16	,06/06/2026 10:10:50	,"	",,,Fulfillment by seller,TM420 Warehouse,JX9552873499,Pengiriman standar,J&T Express,,t***iqaviantoro,0****,(+62)813******91,"	",Indonesia,Kalimantan Timur,Kota Balikpapan,******************,*************,***************************,**************************************************************,Bayar di tempat,0.25,T-shirt,1198401194434856459	,TikTok,,Unchecked,,,Product cards,
584312973516572171	,Selesai,Selesai,,Normal,1732388407582229997	,BUCKET-CORD-CREAMY,TM420 Corduroy Bucket Hat,Creamy,1,0,155000,155000,10610,66580,77810,22000,42000,0,20000,0,0,,,653,3705,0,0,374224,02/06/2026 00:32:46	,06/06/2026 10:10:50	,02/06/2026 09:08:56	,02/06/2026 14:55:16	,06/06/2026 10:10:50	,"	",,,Fulfillment by seller,TM420 Warehouse,JX9552873499,Pengiriman standar,J&T Express,,t***iqaviantoro,0****,(+62)813******91,"	",Indonesia,Kalimantan Timur,Kota Balikpapan,******************,*************,***************************,**************************************************************,Bayar di tempat,0.2,Topi,1198401194434856459	,TikTok,,Unchecked,,,Product cards,
584312973516572171	,Selesai,Selesai,,Normal,1732388407582361069	,BUCKET-CORD-SAGE,TM420 Corduroy Bucket Hat,Sage,1,0,155000,155000,10611,66580,77809,22000,42000,0,20000,0,0,,,653,3705,0,0,374224,02/06/2026 00:32:46	,06/06/2026 10:10:50	,02/06/2026 09:08:56	,02/06/2026 14:55:16	,06/06/2026 10:10:50	,"	",,,Fulfillment by seller,TM420 Warehouse,JX9552873499,Pengiriman standar,J&T Express,,t***iqaviantoro,0****,(+62)813******91,"	",Indonesia,Kalimantan Timur,Kota Balikpapan,******************,*************,***************************,**************************************************************,Bayar di tempat,0.2,Topi,1198401194434856459	,TikTok,,Unchecked,,,Videos,ruderideroots
584311550794237075	,Dibatalkan,Dibatalkan,Cancel,Normal,1730787270099437037	,BUCK-WEEDPATTERN,TM420 Weed Pattern Bucket Hat,Default,1,1,111420,111420,16713,0,94707,0,10500,0,10500,0,0,94707,,0,1000,0,0,95707,01/06/2026 22:24:25	,"	","	","	","	",02/06/2026 22:24:26	,System,Pesanan dibatalkan karena pembeli terlambat membayar,Fulfillment by seller,TM420 Warehouse,,Pengiriman besok sampai,,,a***anameydio,A**********,(+62)897*****28,"	",Indonesia,Jakarta,East Jakarta,**********,*********,********************,***********,Transfer bank,0.25,Topi,"	",TikTok,,,,,Product cards,
584311111847019768	,Selesai,Selesai,,Normal,1735535713856685549	,TSLS-HASHISH-XL,TM420 Hashish Long Sleeve T-Shirt (Cotton Combed 24s),XL,1,0,275000,275000,0,92580,182420,0,47500,0,47500,0,0,,18,1000,,0,0,183402,01/06/2026 21:59:42	,01/06/2026 21:59:45	,02/06/2026 09:08:56	,02/06/2026 14:56:17	,11/06/2026 11:53:57	,"	",,,Fulfillment by seller,TM420 Warehouse,JX9554893899,Hemat,J&T Express,,_***aaasajaa,f**** y*** d****,(+62)822******97,"	",Indonesia,Sulawesi Tenggara,Kendari,******,**********,***********************,*******************,PayLater,0.25,T-shirt,1198392474114491640	,TikTok,,Unchecked,,,Product cards,
584310561669154601	,Selesai,Selesai,,Normal,1735132341286438381	,TSOV-BASIC-BLACK-L,TM420 Basic Oversize T-Shirt With Smile Logo (Kaos Boxy Basic - Cotton Combed 20s),"Black, L",1,0,200000,200000,41705,33580,124715,0,23500,0,23500,0,0,,,1200,1259,0,0,127174,01/06/2026 21:30:34	,04/06/2026 16:28:02	,02/06/2026 09:08:56	,02/06/2026 14:56:17	,04/06/2026 16:28:02	,"	",,,Fulfillment by seller,TM420 Warehouse,JX9552929485,Pengiriman standar,J&T Express,,e***prasetyo587,E** P*******,(+62)838*****00,"	",Indonesia,Jawa Timur,Kota Malang,*****,***************,******************************************************,********************************,Bayar di tempat,0.25,T-shirt,1198389754057361193	,TikTok,,Unchecked,,,LIVE,tm420.official
584310038753871572	,Dibatalkan,Dibatalkan,Cancel,Normal,1734542287734015469	,TSLS-ORGANICCLUB-XXL,TM420 Organic Club Long Sleeve T-Shirt (Cotton Combed 24s),XXL,1,1,225000,225000,0,52580,172420,34000,34000,0,0,0,0,172420,,1600,2080,0,0,210100,01/06/2026 21:01:12	,"	","	","	","	",02/06/2026 04:10:02	,User,Perlu mengubah alamat pengiriman,Fulfillment by seller,TM420 Warehouse,,Pengiriman standar,,,p***ak.stry,Y**** y******,(+60)128****07,"	",Indonesia,Kalimantan Utara,Nunukan Regency,*******,*************,****************************,,Bayar di tempat,0.25,T-shirt,1198387193854658260	,TikTok,,Unchecked,,,LIVE,tm420.official
584309834077800249	,Selesai,Selesai,,Normal,1735132341286503917	,TSOV-BASIC-BLACK-XL,TM420 Basic Oversize T-Shirt With Smile Logo (Kaos Boxy Basic - Cotton Combed 20s),"Black, XL",1,0,200000,200000,0,33580,166420,0,40000,0,40000,0,0,,,1000,1674,0,0,169094,01/06/2026 20:48:58	,11/06/2026 13:35:32	,02/06/2026 09:08:56	,02/06/2026 14:56:17	,11/06/2026 13:35:32	,"	",,,Fulfillment by seller,TM420 Warehouse,JX9557713899,Hemat,J&T Express,,a***radul_021,M** a*******,(+62)081*******23,"	",Indonesia,Sulawesi Selatan,Kabupaten Maros,******,************,*************,,Bayar di tempat,0.25,T-shirt,1198387080479868729	,TikTok,,Unchecked,,,LIVE,tm420.official
584309739227678145	,Selesai,Selesai,,Normal,1731765794459780589	,TS-LISATANI-XXL,TM420 Monalisa Bertani T-Shirt (Cotton Combed 24s Kaos Tebal),XXL,1,0,175000,175000,8280,0,166720,0,11000,0,11000,0,0,,,0,1667,0,0,168387,01/06/2026 20:48:21	,03/06/2026 16:00:33	,02/06/2026 09:08:59	,02/06/2026 14:55:16	,03/06/2026 16:00:33	,"	",,,Fulfillment by seller,TM420 Warehouse,JX9551009686,Pengiriman besok sampai,J&T Express,,d***loss390,d**********,(+62)821*****83,"	",Indonesia,Banten,Kab. Tangerang,******,********,**************************************************************************************************************************************************************************************************************,**************************************,Bayar di tempat,0.25,T-shirt,1198386315126670785	,TikTok,,Unchecked,,,LIVE,tm420.official
584309580051547465	,Selesai,Selesai,,Normal,1731765794459649517	,TS-LISATANI-L,TM420 Monalisa Bertani T-Shirt (Cotton Combed 24s Kaos Tebal),L,1,0,175000,175000,0,0,175000,0,12000,0,12000,0,0,,,1000,,0,0,176000,01/06/2026 20:34:55	,01/06/2026 20:35:53	,02/06/2026 09:08:59	,02/06/2026 14:55:16	,03/06/2026 14:56:47	,"	",,,Fulfillment by seller,TM420 Warehouse,JX9559989185,Pengiriman besok sampai,J&T Express,,s***rr_47,o** d*****,(+62)821******32,"	",Indonesia,Banten,Kota Tangerang Selatan,*******,*******,************************,***********************************,DANA,0.25,T-shirt,1198384986839221577	,TikTok,,Unchecked,,,LIVE,tm420.official
584309538800502089	,Dibatalkan,Dibatalkan,Cancel,Normal,1731765794459649517	,TS-LISATANI-L,TM420 Monalisa Bertani T-Shirt (Cotton Combed 24s Kaos Tebal),L,1,1,175000,175000,0,0,175000,0,12000,0,12000,0,0,175000,,1000,1760,0,0,177760,01/06/2026 20:33:04	,"	","	","	","	",01/06/2026 20:34:09	,User,Perlu mengubah metode pembayaran,Fulfillment by seller,TM420 Warehouse,,Pengiriman besok sampai,,,s***rr_47,o** d*****,(+62)821******32,"	",Indonesia,Banten,Kota Tangerang Selatan,*******,*******,************************,***********************************,Bayar di tempat,0.25,T-shirt,1198384380534162761	,TikTok,,Unchecked,,,LIVE,tm420.official
584309516362351920	,Selesai,Selesai,,Normal,1735132341287028205	,TSOV-BASIC-SAGE-M,TM420 Basic Oversize T-Shirt With Smile Logo (Kaos Boxy Basic - Cotton Combed 20s),"Sage Green, M",1,0,200000,200000,0,33580,166420,0,10500,0,10500,0,0,,,1000,1674,0,0,169094,01/06/2026 20:31:14	,03/06/2026 16:32:38	,02/06/2026 09:08:59	,02/06/2026 14:56:17	,03/06/2026 16:32:38	,"	",,,Fulfillment by seller,TM420 Warehouse,JX9554913399,Pengiriman besok sampai,J&T Express,,p***ama1residencee,n****,(+62)878******40,"	",Indonesia,Jawa Barat,Depok,********,********,***************************,,Bayar di tempat,0.25,T-shirt,1198385403603748144	,TikTok,,Unchecked,,,LIVE,tm420.official
584309170558109479	,Selesai,Selesai,,Normal,1735133582309230061	,TS-LEGALIZERINGER-L,TM420 Legalize Green Ringer T-Shirt (Cotton Combed 24s),L,1,0,200000,200000,20000,33580,146420,0,19000,0,19000,0,0,,,1400,1478,0,0,149298,01/06/2026 20:10:51	,04/06/2026 14:12:31	,02/06/2026 09:08:59	,02/06/2026 14:56:17	,04/06/2026 14:12:31	,"	",,,Fulfillment by seller,TM420 Warehouse,JX9551069386,Pengiriman standar,J&T Express,,r***606,r**** d***,(+62)815******96,"	",Indonesia,Jawa Timur,Kota Malang,*****,*****,******************************,,Bayar di tempat,0.25,T-shirt,1198383066030180135	,TikTok,,Unchecked,,,LIVE,tm420.official
584308813819971152	,Selesai,Selesai,,Normal,1731791699399050733	,HOOD-TEACHPEACE-L,TM420 Teach Peace Hoodie (Cotton Fleece 280gsm Sweater),L,1,0,345000,345000,0,11580,333420,0,27000,0,27000,0,0,,,2600,10081,0,0,346101,01/06/2026 19:51:28	,06/06/2026 11:54:03	,02/06/2026 09:09:02	,02/06/2026 14:55:16	,06/06/2026 11:54:03	,"	",,,Fulfillment by seller,TM420 Warehouse,JX9556009986,Hemat,J&T Express,,_***ho18,A**** S********,(+62)823******01,"	",Indonesia,Sumatera Barat,Kabupaten Dharmasraya,*************,*************,********************************,***************************************************,Bayar di tempat,0.6,Hoodie & Jumper,1198381066238068304	,TikTok,,Unchecked,,,Videos,
584307796562314782	,Selesai,Selesai,,Normal,1730791711277417965	,TSLS-GOODFRIENDS-L,TM420 Good Friends Long Sleeve T-Shirt (Cotton Combed 30s),L,1,0,215000,215000,400,0,214600,0,10500,0,10500,0,0,,42000,1700,,0,0,174300,01/06/2026 18:48:27	,01/06/2026 18:48:30	,02/06/2026 09:09:02	,02/06/2026 14:55:16	,03/06/2026 21:25:45	,"	",,,Fulfillment by seller,TM420 Warehouse,JX9552309486,Pengiriman besok sampai,J&T Express,,c***ln,N****,(+62)813*****69,"	",Indonesia,DKI Jakarta,Kota Administrasi Jakarta Utara,**********,****************,*********************************,***********,PayLater,0.25,T-shirt,1198375563228907038	,TikTok,,Unchecked,,,Product cards,
584306817398638401	,Selesai,Selesai,,Normal,1732819267917743597	,CRG-SAGE-32,TM420 Cargo Long Pants Green & Cream Premium Canvas,"32, Hijau",1,0,495000,495000,0,253000,242000,0,40500,0,40500,0,0,,,1900,,0,0,243900,01/06/2026 17:46:23	,01/06/2026 17:46:32	,02/06/2026 09:09:02	,02/06/2026 14:55:16	,06/06/2026 09:33:27	,"	",,,Fulfillment by seller,TM420 Warehouse,JX9551329886,Pengiriman standar,J&T Express,,j***miajeremia052,Y******* T*****,(+62)853******90,"	",Indonesia,Sulawesi Selatan,Kota Makassar,********,*******,**************************,***************************,PayLater,0.6,Celana Panjang,1198367806162569025	,TikTok,,Unchecked,,,LIVE,tm420.official
584305831644989156	,Selesai,Selesai,,Normal,1735132341286831597	,TSOV-BASIC-WHITE-XL,TM420 Basic Oversize T-Shirt With Smile Logo (Kaos Boxy Basic - Cotton Combed 20s),"White, XL",1,0,200000,200000,0,33580,166420,63000,63000,0,0,0,0,,,0,2294,0,0,231714,01/06/2026 16:40:04	,09/06/2026 16:33:37	,02/06/2026 09:09:02	,02/06/2026 14:56:17	,09/06/2026 16:33:37	,"	",,,Fulfillment by seller,TM420 Warehouse,JX9553189186,Hemat,J&T Express,,a***_alann,𝓐*** 𝓐***,(+62)853******07,"	",Indonesia,Maluku Utara,Kota Ternate,*************,*******,*************,,Bayar di tempat,0.25,T-shirt,1198360740332209892	,TikTok,,Unchecked,,,LIVE,tm420.official
584305471378065043	,Selesai,Selesai,,Normal,1731641905840162285	,TS-BROMO-M,TM420 Bromo T-Shirt - BTS Tengger Semeru (Cotton Combed 24s Kaos),M,1,0,175000,175000,20000,17580,137420,0,10500,0,10500,0,0,,,1300,1387,0,0,140107,01/06/2026 16:17:12	,03/06/2026 17:06:14	,02/06/2026 09:08:53	,02/06/2026 14:56:17	,03/06/2026 17:06:14	,"	",,,Fulfillment by seller,TM420 Warehouse,JX9556693399,Pengiriman besok sampai,J&T Express,,_***rpio1986_,r****,(+62)085******37,"	",Indonesia,DKI Jakarta,Jakarta Pusat,**********,************,**************************************,***********,Bayar di tempat,0.25,T-shirt,1198357736158889619	,TikTok,,Unchecked,,,Product cards,
584305308370634728	,Selesai,Selesai,,Normal,1731718934578759149	,TS-TIEMUSHROOM-XL,TM420 Mushroom Tie-Dye T-Shirt (Cotton Combed 24s),XL,1,0,185000,185000,6657,18580,159763,0,22500,0,22500,0,0,,,0,1598,0,0,161361,01/06/2026 16:02:03	,04/06/2026 19:49:45	,02/06/2026 09:08:53	,02/06/2026 14:56:17	,04/06/2026 19:49:45	,"	",,,Fulfillment by seller,TM420 Warehouse,JX9553889285,Hemat,J&T Express,,d***sprayoga_378,D**** P*********,(+62)821******36,"	",Indonesia,Lampung,Kab. Lampung Selatan,*****,***********,**************************,****************************,Bayar di tempat,0.25,T-shirt,1198356784578136040	,TikTok,,Unchecked,,,Product cards,
584305175975134611	,Selesai,Selesai,,Normal,1731418000041739757	,TS-HIGHCULT-XL,TM420 High Culture T-Shirt (Cotton Combed 24s Bahan Kaos Tebal),XL,1,0,175000,175000,0,33000,142000,0,13500,0,13500,0,0,,,1400,,0,0,143400,01/06/2026 15:57:52	,01/06/2026 15:58:13	,02/06/2026 09:08:53	,02/06/2026 14:56:17	,03/06/2026 15:15:48	,"	",,,Fulfillment by seller,TM420 Warehouse,JX9552773499,Pengiriman standar,J&T Express,,f***r.darius,A***,(+62)852******25,"	",Indonesia,Jawa Barat,Kab. Indramayu,******,***********,********************************************************************,*****************************************************,DANA,0.25,T-shirt,1198355866306381203	,TikTok,,Unchecked,,,Product cards,
584304693309638464	,Selesai,Selesai,,Normal,1731727577378031085	,TSLESS-SHINCHAN-L,TM420 Shinchan ACAB T-Shirt (Cotton Combed 24s Crayon Sinchan Kaos Tebal Sincan 1312),L,1,0,165000,165000,0,0,165000,28500,98500,0,70000,0,0,,,1000,1945,0,0,196445,01/06/2026 15:14:55	,07/06/2026 15:55:39	,02/06/2026 09:08:53	,02/06/2026 14:55:16	,07/06/2026 15:55:39	,"	",,,Fulfillment by seller,TM420 Warehouse,JX9556729885,Hemat,J&T Express,saya pesan ukuran L kak,d***ooo829,d*****,(+62)082*******07,"	",Indonesia,Papua,Kota Jayapura,****************,*****,******************,****************************,Bayar di tempat,0.25,T-shirt,1198350705979459392	,TikTok,,Unchecked,,,Product cards,
584301797356373701	,Selesai,Selesai,,Normal,1735535713856620013	,TSLS-HASHISH-L,TM420 Hashish Long Sleeve T-Shirt (Cotton Combed 24s),L,1,0,275000,275000,0,92580,182420,0,11000,0,11000,0,0,,,1000,,0,0,183420,01/06/2026 12:16:34	,03/06/2026 08:46:14	,01/06/2026 12:45:46	,01/06/2026 14:06:55	,03/06/2026 08:46:14	,"	",,,Fulfillment by seller,TM420 Warehouse,JX9557123103,Pengiriman besok sampai,J&T Express,,a***_sayur22,m******* f****,(+62)895*******47,"	",Indonesia,Banten,Kota Tangerang,********,************,*******************************************************************************************************,*******************************************************************************************************,Bayar di tempat,0.25,T-shirt,1198328070788384453	,TikTok,,Unchecked,,,Product cards,
584300583199344497	,Selesai,Selesai,,Normal,1730786104229725677	,TS-GWD-M,TM420 Good Weed T-Shirt (Cotton Combed 30s Kaos Organic),M,1,0,185000,185000,0,27580,157420,0,44000,0,44000,0,0,,,1000,,0,0,158420,01/06/2026 11:03:32	,01/06/2026 11:05:37	,01/06/2026 11:10:15	,01/06/2026 14:05:56	,05/06/2026 10:38:01	,"	",,,Fulfillment by seller,TM420 Warehouse,JX9542056592,Pengiriman standar,J&T Express,,b***liksolah,R**** b****,(+62)821******33,"	",Indonesia,Nusa Tenggara Barat,Kab. Lombok Barat,*******,*******,**************************************************************************************************,,QRIS,0.25,T-shirt,1198318833605904241	,TikTok,,Unchecked,,,Product cards,
584300547604186993	,Dibatalkan,Dibatalkan,Cancel,Normal,1730786104229725677	,TS-GWD-M,TM420 Good Weed T-Shirt (Cotton Combed 30s Kaos Organic),M,1,1,185000,185000,0,27580,157420,0,44000,0,44000,0,0,157420,,1000,1584,0,0,160004,01/06/2026 10:59:31	,"	","	","	","	",01/06/2026 11:00:23	,User,Perlu mengubah metode pembayaran,Fulfillment by seller,TM420 Warehouse,,Pengiriman standar,,,b***liksolah,R**** b****,(+62)821******33,"	",Indonesia,Nusa Tenggara Barat,Kab. Lombok Barat,*******,*******,**************************************************************************************************,,Bayar di tempat,0.25,T-shirt,1198317468035483505	,TikTok,,Unchecked,,,Product cards,
584300320178472807	,Selesai,Selesai,,Normal,1733635458331018733	,,VOOJAH Stoner Longsleeve (Cotton Combed 24s),XL,1,0,210000,210000,20000,40580,149420,0,20500,0,20500,0,0,,,0,,0,0,149420,01/06/2026 10:44:25	,01/06/2026 10:45:01	,01/06/2026 11:35:37	,01/06/2026 14:05:55	,04/06/2026 20:19:57	,"	",,,Fulfillment by seller,TM420 Warehouse,JX9548499793,Hemat,J&T Express,,s***gendong,r**** l****,(+62)628********16,"	",Indonesia,Riau,Kota Pekanbaru,**************,********,********,**********************************,QRIS,0.3,T-shirt,1198315557957568359	,TikTok,,Unchecked,,,Product cards,
584300181453834119	,Selesai,Selesai,,Normal,1735133582309295597	,TS-LEGALIZERINGER-XL,TM420 Legalize Green Ringer T-Shirt (Cotton Combed 24s),XL,1,0,200000,200000,0,33580,166420,0,76000,0,76000,0,0,,,1000,1674,0,0,169094,01/06/2026 10:37:00	,05/06/2026 11:20:22	,01/06/2026 11:10:15	,01/06/2026 14:05:56	,05/06/2026 11:20:22	,"	",,,Fulfillment by seller,TM420 Warehouse,JX9548082692,Pengiriman standar,J&T Express,,a***lsaron16,a**** s*******,(+62)813******49,"	",Indonesia,Maluku,Kota Ambon,********,*******,*****************,*********************************************************************,Bayar di tempat,0.25,T-shirt,1198315599827863431	,TikTok,,Unchecked,,,Product cards,
584298661584078181	,Selesai,Selesai,,Normal,1732388407582229997	,BUCKET-CORD-CREAMY,TM420 Corduroy Bucket Hat,Creamy,1,0,155000,155000,0,66580,88420,0,20500,0,20500,0,0,,,500,1778,0,0,179618,01/06/2026 08:54:16	,05/06/2026 11:28:57	,01/06/2026 11:10:15	,01/06/2026 14:05:56	,05/06/2026 11:28:57	,"	",,,Fulfillment by seller,TM420 Warehouse,JX9549962791,Hemat,J&T Express,,t***a28,A***** A*******,(+62)822******87,"	",Indonesia,Riau,Kota Pekanbaru,**********,****************,************************************,*****************************,Bayar di tempat,0.2,Topi,1198300313140430181	,TikTok,,Unchecked,,,Videos,ruderideroots
584298661584078181	,Selesai,Selesai,,Normal,1732388407582361069	,BUCKET-CORD-SAGE,TM420 Corduroy Bucket Hat,Sage,1,0,155000,155000,0,66580,88420,0,20500,0,20500,0,0,,,500,1778,0,0,179618,01/06/2026 08:54:16	,05/06/2026 11:28:57	,01/06/2026 11:10:15	,01/06/2026 14:05:56	,05/06/2026 11:28:57	,"	",,,Fulfillment by seller,TM420 Warehouse,JX9549962791,Hemat,J&T Express,,t***a28,A***** A*******,(+62)822******87,"	",Indonesia,Riau,Kota Pekanbaru,**********,****************,************************************,*****************************,Bayar di tempat,0.2,Topi,1198300313140430181	,TikTok,,Unchecked,,,Videos,ruderideroots
584297904347449112	,Selesai,Selesai,,Normal,1730791711277352429	,TSLS-GOODFRIENDS-M,TM420 Good Friends Long Sleeve T-Shirt (Cotton Combed 30s),M,1,0,215000,215000,8000,42580,164420,0,0,0,0,0,0,,,1000,1654,0,0,167074,01/06/2026 07:50:42	,06/06/2026 19:13:01	,01/06/2026 08:17:12	,01/06/2026 14:05:56	,06/06/2026 19:13:01	,"	",,,Fulfillment by seller,TM420 Warehouse,JX9548325259,Hemat,J&T Express,,a***siapa0105,T*****,(+62)896******88,"	",Indonesia,Sumatera Selatan,Kab. Muara Enim,************,************,*************************************************************************************,******************,Bayar di tempat,0.25,T-shirt,1198288769078167320	,TikTok,,Unchecked,,,Videos,
584297304675158003	,Selesai,Selesai,,Normal,1730936507432404461	,WATCH-CANVAS-GREEN,TM420 Canvas Watch - Jam Tangan Arloji - Wrislet Watches Waterproof With Date,Green,1,0,279000,279000,18000,0,261000,5000,75000,0,70000,0,0,,26100,2100,,0,4000,246000,01/06/2026 06:50:17	,01/06/2026 06:50:21	,01/06/2026 07:03:57	,01/06/2026 14:05:56	,05/06/2026 07:01:15	,"	",,,Fulfillment by seller,TM420 Warehouse,JX9549349039,Hemat,J&T Express,,w***jns,D***** T***,(+62)812******50,"	",Indonesia,Maluku,Ambon City,********,********,*************************************************************,,PayLater,0.5,Jam Tangan Pria,1198283050197026803	,TikTok,,Unchecked,,,Product cards,
584297296200959702	,Selesai,Selesai,,Normal,1730926901301904877	,SNAP-HIGH-BLACK,TM420 High Snapback Original,Black,1,0,123420,123420,0,0,123420,12000,47000,0,35000,0,0,,,1300,,0,0,136720,01/06/2026 06:48:46	,01/06/2026 06:48:58	,01/06/2026 07:03:57	,01/06/2026 14:06:55	,15/06/2026 19:15:19	,"	",,,Fulfillment by seller,TM420 Warehouse,JX9541694041,Hemat,J&T Express,,a***nb86,A**** B*****,(+62)895*******62,"	",Indonesia,Nusa Tenggara Timur,Kota Kupang,******,******,***,****************************************************,QRIS,0.25,Topi,1198282864964437718	,TikTok,,Unchecked,,,Product cards,
584296389072160142	,Selesai,Selesai,,Normal,1730926901301839341	,SNAP-HIGH-GREEN,TM420 High Snapback Original,Green,1,0,123420,123420,9874,0,113546,12000,12000,0,0,0,0,,0,532,,900,0,126978,01/06/2026 04:09:34	,01/06/2026 04:10:16	,01/06/2026 06:13:19	,01/06/2026 14:06:55	,03/06/2026 10:35:02	,"	",,,Fulfillment by seller,TM420 Warehouse,JX8002362885,J&T,J&T-MP,"tm420 high snapback, warna green ya mas, ditunggu paket nya terimakasih",a***i d***van,a**** d******,(+62)819******21,*****	,Indonesia,Banten,Kota Cilegon,********,*****,***********************************************,******************************************,Transfer bank,0.25,Topi,1198276222177346958	,Tokopedia,,Unchecked,,,Product cards,
584295849581380763	,Dibatalkan,Dibatalkan,Cancel,Normal,1731718938235995629	,CREW-SUNRISE-L,TM420 Sunrise Crewneck (Cotton Fleece Sweater),L,1,1,325000,325000,0,40580,284420,112000,112000,0,0,0,0,284420,0,0,,0,0,396420,01/06/2026 01:51:30	,"	","	","	","	",02/06/2026 01:54:43	,System,Pesanan dibatalkan karena pembeli terlambat membayar,Fulfillment by seller,TM420 Warehouse,,J&T,,,E*** S***tra,s***** h****,(+62)853******52,*****	,Indonesia,Maluku Utara,Kab. Halmahera Barat,*******,*********,**************************************************************,****,Transfer bank,0.5,Jaket & Mantel,"	",Tokopedia,,,,,Product cards,
584295833327994011	,Dibatalkan,Dibatalkan,Cancel,Normal,1734418863265383917	,TSLS-MORTALGARDEN-L,TM420 Mortal Garden Long Sleeve T-Shirt (Cotton Combed 24s),L,1,1,250000,250000,0,77580,172420,112000,112000,0,0,0,0,172420,0,0,,1240,9900,776610,01/06/2026 01:49:04	,"	","	","	","	",01/06/2026 01:51:31	,User,Tidak perlu lagi,Fulfillment by seller,TM420 Warehouse,,J&T,,,E*** S***tra,s***** h****,(+62)853******52,*****	,Indonesia,Maluku Utara,Kab. Halmahera Barat,*******,*********,**************************************************************,****,Transfer bank,0.25,T-shirt,"	",Tokopedia,,,,,Product cards,
584295833327994011	,Dibatalkan,Dibatalkan,Cancel,Normal,1731718938235995629	,CREW-SUNRISE-L,TM420 Sunrise Crewneck (Cotton Fleece Sweater),L,1,1,325000,325000,0,40580,284420,112000,112000,0,0,0,0,284420,0,0,,2047,0,776610,01/06/2026 01:49:04	,"	","	","	","	",01/06/2026 01:51:31	,User,Tidak perlu lagi,Fulfillment by seller,TM420 Warehouse,,J&T,,,E*** S***tra,s***** h****,(+62)853******52,*****	,Indonesia,Maluku Utara,Kab. Halmahera Barat,*******,*********,**************************************************************,****,Transfer bank,0.5,Jaket & Mantel,"	",Tokopedia,,,,,Product cards,
584295833327994011	,Dibatalkan,Dibatalkan,Cancel,Normal,1735535713856620013	,TSLS-HASHISH-L,TM420 Hashish Long Sleeve T-Shirt (Cotton Combed 24s),L,1,1,275000,275000,0,92580,182420,112000,112000,0,0,0,0,182420,0,0,,1313,10850,776610,01/06/2026 01:49:04	,"	","	","	","	",01/06/2026 01:51:31	,User,Tidak perlu lagi,Fulfillment by seller,TM420 Warehouse,,J&T,,,E*** S***tra,s***** h****,(+62)853******52,*****	,Indonesia,Maluku Utara,Kab. Halmahera Barat,*******,*********,**************************************************************,****,Transfer bank,0.25,T-shirt,"	",Tokopedia,,,,,Product cards,
584295644155446726	,Selesai,Selesai,,Normal,1732388407582229997	,BUCKET-CORD-CREAMY,TM420 Corduroy Bucket Hat,Creamy,1,0,155000,155000,0,66580,88420,6000,41000,0,35000,0,0,,,1400,958,0,0,96778,01/06/2026 01:08:16	,07/06/2026 12:00:41	,01/06/2026 06:13:19	,01/06/2026 14:05:56	,07/06/2026 12:00:41	,"	",,,Fulfillment by seller,TM420 Warehouse,JX9540390344,Hemat,J&T Express,,f***r.anding,N****,(+62)081*******18,"	",Indonesia,Sulawesi Selatan,Takalar,*************,*************,**********************************************,***************,Bayar di tempat,0.2,Topi,1198271969119995334	,TikTok,,Unchecked,,,Videos,ruderideroots
584295134408705268	,Dibatalkan,Dibatalkan,Cancel,Normal,1735774684595455469	,VOO-NAT-NEV-LIE-LON---COT-COM-24S-L,VOOJAH Nature Never Lies Longsleeve - Cotton Combed 24s,L,1,1,245000,245000,0,75580,169420,0,35000,0,35000,0,0,169420,,1000,1704,0,0,172124,01/06/2026 00:07:05	,"	","	","	","	",01/06/2026 00:07:48	,User,Perlu mengubah metode pembayaran,Fulfillment by seller,TM420 Warehouse,,Hemat,,,z***fvck,D**** R*****,(+62)813******29,"	",Indonesia,Sulawesi Selatan,Kota Makassar,*************,*******,******************************************************,,Bayar di tempat,0.25,T-shirt,1198269644481004788	,TikTok,,Unchecked,,,Product cards,
